time_period,school_urn,disadvantage_status,exam_cohort,aps_per_entry_student_count,aps_per_entry,aps_per_entry_grade,best_three_alevels_aps,best_three_alevels_grade,aab_percent,value_added,value_added_lower_ci,value_added_upper_ci,progress_banding,retained_percent
202425,100001,Total,Academic,96,51.60,A,z,z,z,0.12,0.01,0.24,Above average,z
202425,100001,Total,A level,96,51.53,A,51.91,A+,70.8,0.12,0,0.24,Average,z
202425,100001,Disadvantaged,A level,z,z,z,z,z,z,z,z,z,z,z
202425,100052,Total,Academic,104,28.28,C-,z,z,z,-0.08,-0.22,0.06,Average,81.5
202425,100052,Total,A level,100,28.67,C,29.36,C,9.6,-0.06,-0.2,0.08,Average,81.5
202425,100052,Disadvantaged,A level,38,30.18,C,z,z,z,0.09,-0.15,0.32,z,77.8
202425,100049,Total,Academic,87,32.52,C+,z,z,z,0.07,-0.08,0.22,Average,89.6
202425,100049,Total,A level,87,32.52,C+,35.10,B-,14.3,0.07,-0.08,0.22,Average,89.6
202425,100049,Disadvantaged,A level,53,34.26,C+,z,z,z,0.18,-0.03,0.38,z,88.9
202425,100055,Total,Academic,60,26.65,C-,z,z,z,-0.25,-0.41,-0.09,Below average,86.0
202425,100055,Total,A level,60,26.37,C-,26.90,C-,2.3,-0.27,-0.43,-0.11,Below average,86.0
202425,100055,Disadvantaged,A level,23,24.15,D+,z,z,z,-0.24,-0.51,0.02,z,90.0
202425,100050,Total,Academic,119,34.48,C+,z,z,z,-0.21,-0.32,-0.1,Below average,97.4
202425,100050,Total,A level,114,34.45,C+,34.62,C+,5.9,-0.24,-0.35,-0.12,Below average,97.4
202425,100050,Disadvantaged,A level,29,26.58,C-,z,z,z,-0.66,-0.91,-0.4,z,96.4
202425,100455,Total,Academic,19,40.00,B,z,z,z,0.34,0.07,0.62,Above average,94.4
202425,100455,Total,A level,19,40.00,B,40.78,B,17.6,0.34,0.07,0.62,Above average,94.4
202425,100455,Disadvantaged,A level,c,c,c,z,z,z,0.29,-0.04,0.63,z,c
202425,135315,Total,Academic,38,32.16,C+,z,z,z,-0.02,-0.22,0.18,Average,94.9
202425,135315,Total,A level,38,32.16,C+,32.86,C+,11.4,-0.02,-0.22,0.18,Average,94.9
202425,135315,Disadvantaged,A level,18,32.36,C+,z,z,z,0.12,-0.18,0.42,z,94.7
202425,100977,Total,Academic,91,35.44,B-,z,z,z,-0.14,-0.27,-0.01,Below average,97.8
202425,100977,Total,A level,91,35.44,B-,35.56,B-,12.2,-0.14,-0.27,-0.01,Below average,97.8
202425,100977,Disadvantaged,A level,40,37.90,B-,z,z,z,0.07,-0.14,0.28,z,100.0
202425,101361,Total,Academic,102,46.93,A-,z,z,z,0.11,-0.02,0.23,Average,100.0
202425,101361,Total,A level,102,46.94,A-,47.03,A-,52.0,0.11,-0.02,0.23,Average,100.0
202425,101361,Disadvantaged,A level,c,c,c,z,z,z,0.22,-0.46,0.89,z,100.0
202425,103519,Total,Academic,75,27.64,C-,z,z,z,-0.06,-0.23,0.11,Average,75.6
202425,103519,Total,A level,75,27.14,C-,32.14,C+,17.9,-0.09,-0.26,0.08,Average,75.6
202425,103519,Disadvantaged,A level,34,27.52,C-,z,z,z,-0.11,-0.39,0.16,z,72.2
202425,136091,Total,Academic,96,28.54,C,z,z,z,-0.48,-0.62,-0.33,Below average,100.0
202425,136091,Total,A level,93,29.13,C,30.94,C,7.7,-0.45,-0.6,-0.3,Below average,100.0
202425,136091,Disadvantaged,A level,31,29.27,C,z,z,z,-0.5,-0.79,-0.22,z,100.0
202425,108058,Total,Academic,115,31.26,C,z,z,z,-0.06,-0.18,0.06,Average,92.3
202425,108058,Total,A level,115,31.18,C,31.60,C,15.2,-0.04,-0.17,0.08,Average,92.3
202425,108058,Disadvantaged,A level,20,24.51,D+,z,z,z,-0.66,-0.97,-0.34,z,89.5
202425,108640,Total,Academic,17,39.78,B,z,z,z,0.48,0.19,0.77,Well above average,84.2
202425,108640,Total,A level,17,39.78,B,37.14,B-,14.3,0.48,0.19,0.77,Well above average,84.2
202425,108640,Disadvantaged,A level,c,c,c,z,z,z,0.4,-0.38,1.18,z,c
202425,109319,Total,Academic,58,29.37,C,z,z,z,-0.47,-0.63,-0.31,Below average,91.5
202425,109319,Total,A level,58,29.42,C,30.49,C,12.2,-0.45,-0.61,-0.29,Below average,91.5
202425,109319,Disadvantaged,A level,c,c,c,z,z,z,-1.5,-2.28,-0.72,z,c
202425,109707,Total,Academic,26,24.10,D+,z,z,z,-0.42,-0.7,-0.13,Below average,87.5
202425,109707,Total,A level,26,24.11,D+,24.92,D+,0.0,-0.39,-0.68,-0.1,Below average,87.5
202425,109707,Disadvantaged,A level,c,c,c,z,z,z,-1.11,-1.71,-0.5,z,c
202425,135897,Total,Academic,69,17.00,D-,z,z,z,-0.83,-1.02,-0.64,Well below average,88.9
202425,135897,Total,A level,69,16.91,D-,15.05,D-,3.0,-0.83,-1.03,-0.64,Well below average,88.9
202425,135897,Disadvantaged,A level,19,16.89,D-,z,z,z,-0.69,-1.1,-0.28,z,100.0
202324,100001,Total,A level,97,52.21,A+,z,z,z,0.15,0.04,0.27,Above average,z
202324,100052,Total,A level,94,26.57,C-,z,z,z,-0.18,-0.34,-0.03,Below average,77.8
202324,100049,Total,A level,88,30.15,C,z,z,z,-0.27,-0.42,-0.12,Below average,96.4
202324,100055,Total,A level,54,27.35,C-,z,z,z,-0.11,-0.3,0.08,Average,81.8
202324,100050,Total,A level,145,38.39,B,z,z,z,-0.01,-0.11,0.09,Average,98.7
202324,100455,Total,A level,31,32.98,C+,z,z,z,-0.35,-0.56,-0.13,Below average,97.0
202324,135315,Total,A level,49,33.79,C+,z,z,z,0.04,-0.13,0.22,Average,98.0
202324,100977,Total,A level,103,35.35,B-,z,z,z,0.02,-0.11,0.14,Average,96.1
202324,101361,Total,A level,101,46.84,A-,z,z,z,0.31,0.18,0.43,Above average,98.1
202324,103519,Total,A level,78,30.36,C,z,z,z,-0.11,-0.27,0.05,Average,87.5
202324,136091,Total,A level,94,30.07,C,z,z,z,-0.32,-0.46,-0.17,Below average,95.8
202324,108058,Total,A level,137,29.75,C,z,z,z,0.01,-0.1,0.13,Average,100.0
202324,108640,Total,A level,39,35.25,B-,z,z,z,-0.06,-0.27,0.14,Average,92.5
202324,109319,Total,A level,48,30.76,C,z,z,z,-0.23,-0.41,-0.06,Below average,95.7
202324,109707,Total,A level,z,z,z,z,z,z,z,z,z,z,z
202324,135897,Total,A level,45,14.14,E+,z,z,z,-0.58,-0.83,-0.32,Below average,83.7
