URN,EstablishmentName,EstablishmentStatus (name),LA (name),Town,Postcode,SchoolWebsite,TypeOfEstablishment (name),EstablishmentTypeGroup (name),Gender (name),StatutoryLowAge,StatutoryHighAge,OfficialSixthForm (name),AdmissionsPolicy (name),ReligiousCharacter (name),Trusts (name),NumberOfPupils,Easting,Northing,SchoolCapacity,TypeOfResourcedProvision (name),ResourcedProvisionCapacity,SenUnitCapacity,SEN1 (name),SEN2 (name),SEN3 (name),UrbanRural (name),Boarders (name)
100001,City of London School for Girls,Open,City of London,London,EC2Y 8BB,http://www.clsg.org.uk,Other independent school,Independent schools,Girls,10,18,Has a sixth form,Selective,None,,794,532301,181746,850,,,,,,,Urban: Nearer to a major town or city,Boarding school
100049,Haverstock School,Open,Camden,London,NW3 2BQ,http://www.haverstock.camden.sch.uk/,Community school,Local authority maintained schools,Mixed,11,18,Has a sixth form,Non-selective,Does not apply,,878,528159,184498,1000,Resourced provision,16,,ASD - Autistic Spectrum Disorder,,,Urban: Nearer to a major town or city,No boarders
100050,Parliament Hill School,Open,Camden,London,NW5 1RL,http://www.parliamenthill.camden.sch.uk/,Community school,Local authority maintained schools,Girls,11,18,Has a sixth form,Non-selective,Does not apply,,1191,528369,186019,1100,SEN unit,,10,"SLCN - Speech, language and Communication",HI - Hearing Impairment,,,Not applicable
100052,Hampstead School,Open,Camden,London,NW2 3RT,http://www.hampstead.school,Community school,Local authority maintained schools,Mixed,11,18,Has a sixth form,Non-selective,Does not apply,,1191,524402,185633,1150,Resourced provision and SEN unit,8,6,ASD - Autistic Spectrum Disorder,MLD - Moderate Learning Difficulty,,,
100055,Maria Fidelis Catholic School FCJ,Open,Camden,London,NW1 1LY,http://www.mariafidelis.camden.sch.uk/,Voluntary aided school,Local authority maintained schools,Mixed,11,18,Has a sixth form,Non-selective,Roman Catholic,,738,529642,182873,700,,,,,,,,Boarding school
100091,Frank Barnes School for Deaf Children,Open,Camden,London,N1C 4BT,www.fbarnes.camden.sch.uk,Community special school,Special schools,Mixed,2,11,Not applicable,Not applicable,Does not apply,,40,530000,183795,60,SEN unit,,12,HI - Hearing Impairment,,,,No boarders
100193,St Ursula's Convent School,Open,Greenwich,London,SE10 8HN,www.stursulas.com,Voluntary aided school,Local authority maintained schools,Girls,11,16,Does not have a sixth form,Non-selective,Roman Catholic,,481,538590,177088,500,,,,,,,,Not applicable
100455,Highbury Fields School,Open,Islington,London,N5 1AR,http://www.highburyfields.islington.sch.uk/,Community school,Local authority maintained schools,Girls,11,18,Has a sixth form,Non-selective,Does not apply,,733,531721,185476,750,Resourced provision,,,,,,,
100977,Stepney All Saints Church of England Secondary School,Open,Tower Hamlets,London,E1 0RH,www.stepneyallsaints.school,Voluntary aided school,Local authority maintained schools,Mixed,11,18,Has a sixth form,Non-selective,Church of England,,1445,535821,181528,1200,,,,,,,,No boarders
101361,St Michael's Catholic Grammar School,Open,Barnet,London,N12 7NJ,http://www.st-michaels.barnet.sch.uk/,Voluntary aided school,Local authority maintained schools,Girls,11,18,Has a sixth form,Selective,Roman Catholic,,908,526058,192177,900,,,,,,,,No boarders
103519,Moseley School and Sixth Form,Open,Birmingham,Birmingham,B13 9UU,http://www.moseley.bham.sch.uk,Foundation school,Local authority maintained schools,Mixed,11,18,Has a sixth form,Non-selective,Does not apply,,1413,409336,282527,1300,,,,,,,(England/Wales) Urban major conurbation,No boarders
108058,Allerton Grange School,Open,Leeds,Leeds,LS17 6SF,http://www.allertongrange.com,Community school,Local authority maintained schools,Mixed,11,18,Has a sixth form,Non-selective,Does not apply,,1782,431414,438404,1500,,,,,,,,No boarders
108640,Burnside College,Open,North Tyneside,Wallsend,NE28 7LQ,http://www.burnsidecollege.org.uk,Foundation school,Local authority maintained schools,Mixed,11,18,Has a sixth form,Non-selective,Does not apply,The North Tyneside Learning Trust,995,430808,566795,1000,,,,,,,(pseudo) Channel Islands/Isle of Man,No boarders
109319,Brimsham Green School,Open,South Gloucestershire,Bristol,BS37 7LB,http://www.brimsham.com,Community school,Local authority maintained schools,Mixed,11,19,Has a sixth form,Non-selective,Does not apply,,1095,370601,183793,1100,,,,,,,,No boarders
109694,Edward Peake CofE VC School,Open,Central Bedfordshire,Biggleswade,SG18 0EJ,www.edwardpeake.beds.sch.uk,Voluntary controlled school,Local authority maintained schools,Mixed,11,16,Does not have a sixth form,Not applicable,Church of England,,359,519948,245713,0,Not applicable,,,Not Applicable,,,Smaller rural: Further from a major town or city,No boarders
109707,Queen Elizabeth School,Open,Luton,Luton,LU2 9AG,http://qesluton.co.uk/,Foundation school,Local authority maintained schools,Mixed,11,18,Has a sixth form,Non-selective,None,,1229,511380,222627,1200,,,,,,,,No boarders
116430,The Clere School,Open,Hampshire,Newbury,RG20 9HP,http://www.clere.school,Community school,Local authority maintained schools,Mixed,11,16,Does not have a sixth form,Non-selective,Does not apply,,382,447386,161364,,,,,,,,Larger rural: Nearer to a major town or city,No boarders
128340,The Marlowe Academy,Closed,Kent,Ramsgate,CT12 6NB,,Academy sponsor led,Academies,Mixed,11,19,Has a sixth form,Non-selective,Does not apply,MARLOWE ACADEMY,,636470,166639,400,,,,,,,,No boarders
131726,Holy Family Roman Catholic and Church of England College,Open,Rochdale,Heywood,OL10 2AA,www.hfch.co.uk,Voluntary aided school,Local authority maintained schools,Mixed,11,16,Does not have a sixth form,Non-selective,Roman Catholic/Church of England,,768,385223,410012,400,,,,,,,,No boarders
135315,Ark Walworth Academy,Open,Southwark,London,SE1 5UJ,http://walworthacademy.org/,Academy sponsor led,Academies,Mixed,11,18,Has a sixth form,Non-selective,Does not apply,ARK SCHOOLS,973,533441,178209,900,,,,,,,,No boarders
135897,The Basildon Upper Academy,Open,Essex,Basildon,SS13 3HL,http://www.basildonacademies.org.uk/,Academy sponsor led,Academies,Mixed,14,19,Has a sixth form,Non-selective,Does not apply,THE BASILDON ACADEMIES,847,573689,188474,700,,,,,,,,No boarders
136091,The Phoenix Collegiate,Open,Sandwell,West Bromwich,B71 2BX,www.aspirebelievesucceed.com,Foundation school,Local authority maintained schools,Mixed,11,18,Has a sixth form,Non-selective,None,,1770,400344,293414,1500,,,,,,,,No boarders
