time_period,time_identifier,geographic_level,education_phase,school_name,school_urn,all_through,enrolments,sess_overall_percent,sess_unauthorised_percent,enrolments_pa_10_exact_percent,enrolments_pa_50_exact_percent
202324,Academic year,School,State-funded secondary,Allerton Grange School,108058,,1510,7.07876,3.93304,21.8543,2.18543
202324,Academic year,School,State-funded secondary,St Michael's Catholic Grammar School,101361,,642,6.2567,0.2539,21.80685,0.62305
202324,Academic year,School,State-funded secondary,Brimsham Green School,109319,,932,9.59184,2.64465,26.18026,4.93562
202425,Academic year,School,State-funded secondary,Hampstead School,100052,,1043,8.63571,1.6659,22.72291,3.3557
202425,Academic year,School,State-funded secondary,Stepney All Saints Church of England Secondary School,100977,,1058,4.20483,1.49869,9.73535,0.28355
202425,Academic year,School,State-funded secondary,Moseley School and Sixth Form,103519,,1321,9.06719,4.41765,28.91749,4.01211
202425,Academic year,School,Special,Frank Barnes School for Deaf Children,100091,,28,8.51145,0.53435,39.28571,0
202425,Academic year,School,State-funded secondary,St Michael's Catholic Grammar School,101361,,639,6.18367,0.36573,22.8482,0
202425,Academic year,School,State-funded secondary,The Basildon Upper Academy,135897,,727,20.83246,12.8359,49.93122,18.56946
202425,Academic year,School,State-funded secondary,The Phoenix Collegiate,136091,,1730,9.28376,5.42855,25.83815,4.33526
202425,Academic year,School,State-funded secondary,Haverstock School,100049,,678,13.253,8.38882,42.62537,7.22714
202324,Academic year,School,State-funded secondary,Burnside College,108640,,972,9.92225,6.47375,31.27572,4.62963
202324,Academic year,School,State-funded secondary,Stepney All Saints Church of England Secondary School,100977,,1056,3.83713,1.29404,6.3447,0.18939
202324,Academic year,School,State-funded secondary,Moseley School and Sixth Form,103519,,1351,10.8008,4.49356,40.63657,2.59067
202324,Academic year,School,State-funded secondary,Ark Walworth Academy,135315,,866,7.85922,4.61331,24.59584,4.27252
202324,Academic year,School,State-funded secondary,Parliament Hill School,100050,,918,8.34213,1.87996,22.76688,2.50545
202324,Academic year,School,State-funded secondary,Haverstock School,100049,,751,11.01841,6.60426,39.81358,4.12783
202324,Academic year,School,State-funded secondary,The Clere School,116430,,535,11.17504,3.90976,36.63551,7.1028
202324,Academic year,School,State-funded secondary,Highbury Fields School,100455,,704,8.98297,5.57053,26.5625,4.6875
202324,Academic year,School,State-funded secondary,Hampstead School,100052,,1055,7.06846,0.98995,19.62085,1.99052
202324,Academic year,School,State-funded secondary,Maria Fidelis Catholic School FCJ,100055,,728,6.76399,2.63961,18.54396,1.37363
202324,Academic year,School,State-funded secondary,Edward Peake CofE VC School,109694,,547,6.75794,1.86099,18.64717,2.19378
202324,Academic year,School,State-funded secondary,Queen Elizabeth School,109707,,1259,7.27834,3.07076,22.71644,2.77998
202324,Academic year,School,State-funded secondary,Holy Family Roman Catholic and Church of England College,131726,,784,8.28094,3.1225,26.40306,2.93367
202324,Academic year,School,Special,Frank Barnes School for Deaf Children,100091,,28,8.14041,1.26106,35.71429,0
202425,Academic year,School,State-funded secondary,The Clere School,116430,,509,10.94457,4.06884,35.16699,4.91159
202324,Academic year,School,State-funded secondary,St Ursula's Convent School,100193,,686,7.06607,2.81297,17.93003,2.76968
202425,Academic year,School,State-funded secondary,Queen Elizabeth School,109707,,1244,7.1432,2.78237,23.47267,2.89389
202324,Academic year,School,State-funded secondary,The Basildon Upper Academy,135897,,715,20.5376,16.24508,47.55245,18.88112
202425,Academic year,School,State-funded secondary,St Ursula's Convent School,100193,,608,5.6767,1.48945,16.44737,1.31579
202324,Academic year,School,State-funded secondary,The Phoenix Collegiate,136091,,1791,9.42134,6.15666,27.30318,4.13177
202425,Academic year,School,State-funded secondary,Brimsham Green School,109319,,967,10.18029,2.89548,26.99069,5.58428
202425,Academic year,School,State-funded secondary,Holy Family Roman Catholic and Church of England College,131726,,795,7.45354,2.71725,22.13836,4.15094
202425,Academic year,School,State-funded secondary,Edward Peake CofE VC School,109694,,443,6.98591,1.9633,18.96163,x
202425,Academic year,School,State-funded secondary,Allerton Grange School,108058,,1520,7.19834,3.55809,18.15789,1.77632
202425,Academic year,School,State-funded secondary,Burnside College,108640,,921,8.96752,4.54931,27.6873,4.56026
202425,Academic year,School,State-funded secondary,Parliament Hill School,100050,,920,7.9591,1.93111,25,2.5
202425,Academic year,School,State-funded secondary,Ark Walworth Academy,135315,,843,6.94126,3.75344,20.04745,3.55872
202425,Academic year,School,State-funded secondary,Maria Fidelis Catholic School FCJ,100055,,741,7.56286,3.21327,18.21862,4.8583
202425,Academic year,School,State-funded secondary,Highbury Fields School,100455,,704,8.39259,5.53783,22.30114,3.55114
