time_period,time_identifier,geographic_level,country_code,country_name,region_code,region_name,old_la_code,new_la_code,la_name,local_authority_selection_status,school_laestab,school_urn,school_name,admission_policy,entry_gender,institution_group,institution_type,breakdown_topic,breakdown,data_type,version,cohort,overall,education,fe,ssf,sfc,other_edu,appren,all_work,all_notsust,all_unknown
202021,Academic year,School,E92000001,England,E12000001,North East,390,E08000037,Gateshead,None,3907002,138652,The Cedars Academy,Not collected,Mixed,Special schools,Academy - Converter Special School,Total,Total,Number of students,Revised,18,18,18,3,0,0,15,0,0,0,0
202021,Academic year,School,E92000001,England,E12000001,North East,390,E08000037,Gateshead,None,3907002,138652,The Cedars Academy,Not collected,Mixed,Special schools,Academy - Converter Special School,Total,Total,Percentage,Revised,18,100,100,16.7,0,0,83.3,0,0,0,0
202021,Academic year,School,E92000001,England,E12000001,North East,392,E08000022,North Tyneside,None,3924032,108640,Burnside College,Non selective,Mixed,State-funded mainstream schools,Foundation School,Total,Total,Number of students,Revised,181,162,138,68,69,0,1,21,3,17,2
202021,Academic year,School,E92000001,England,E12000001,North East,392,E08000022,North Tyneside,None,3924032,108640,Burnside College,Non selective,Mixed,State-funded mainstream schools,Foundation School,Total,Total,Percentage,Revised,181,89.5,76.2,37.6,38.1,0,0.6,11.6,1.7,9.4,1.1
202021,Academic year,School,E92000001,England,E12000002,North West,354,E08000005,Rochdale,None,3544801,131726,Holy Family Roman Catholic and Church of England College,Non selective,Mixed,State-funded mainstream schools,Voluntary Aided School,Total,Total,Number of students,Revised,131,125,112,62,0,50,0,12,1,5,1
202021,Academic year,School,E92000001,England,E12000002,North West,354,E08000005,Rochdale,None,3544801,131726,Holy Family Roman Catholic and Church of England College,Non selective,Mixed,State-funded mainstream schools,Voluntary Aided School,Total,Total,Percentage,Revised,131,95.4,85.5,47.3,0,38.2,0,9.2,0.8,3.8,0.8
202021,Academic year,School,E92000001,England,E12000003,Yorkshire and The Humber,383,E08000035,Leeds,None,3834040,108058,Allerton Grange School,Non selective,Mixed,State-funded mainstream schools,Community School,Total,Total,Number of students,Revised,265,253,244,81,126,37,0,4,5,7,5
202021,Academic year,School,E92000001,England,E12000003,Yorkshire and The Humber,383,E08000035,Leeds,None,3834040,108058,Allerton Grange School,Non selective,Mixed,State-funded mainstream schools,Community School,Total,Total,Percentage,Revised,265,95.5,92.1,30.6,47.5,14,0,1.5,1.9,2.6,1.9
202021,Academic year,School,E92000001,England,E12000005,West Midlands,330,E08000025,Birmingham,Some,3304245,103519,Moseley School and Sixth Form,Non selective,Mixed,State-funded mainstream schools,Foundation School,Total,Total,Number of students,Revised,246,217,215,81,84,46,4,0,2,13,16
202021,Academic year,School,E92000001,England,E12000005,West Midlands,330,E08000025,Birmingham,Some,3304245,103519,Moseley School and Sixth Form,Non selective,Mixed,State-funded mainstream schools,Foundation School,Total,Total,Percentage,Revised,246,88.2,87.4,32.9,34.1,18.7,1.6,0,0.8,5.3,6.5
202021,Academic year,School,E92000001,England,E12000005,West Midlands,333,E08000028,Sandwell,None,3334028,136091,The Phoenix Collegiate,Non selective,Mixed,State-funded mainstream schools,Foundation School,Total,Total,Number of students,Revised,324,289,276,141,131,2,2,5,8,31,4
202021,Academic year,School,E92000001,England,E12000005,West Midlands,333,E08000028,Sandwell,None,3334028,136091,The Phoenix Collegiate,Non selective,Mixed,State-funded mainstream schools,Foundation School,Total,Total,Percentage,Revised,324,89.2,85.2,43.5,40.4,0.6,0.6,1.5,2.5,9.6,1.2
202021,Academic year,School,E92000001,England,E12000006,East of England,821,E06000032,Luton,None,8215403,109707,Queen Elizabeth School,Non selective,Mixed,State-funded mainstream schools,Foundation School,Total,Total,Number of students,Revised,260,236,226,103,15,107,1,6,4,16,8
202021,Academic year,School,E92000001,England,E12000006,East of England,821,E06000032,Luton,None,8215403,109707,Queen Elizabeth School,Non selective,Mixed,State-funded mainstream schools,Foundation School,Total,Total,Percentage,Revised,260,90.8,86.9,39.6,5.8,41.2,0.4,2.3,1.5,6.2,3.1
202021,Academic year,School,E92000001,England,E12000006,East of England,881,E10000012,Essex,Some,8816909,135897,The Basildon Upper Academy,Non selective,Mixed,State-funded mainstream schools,Academy - Sponsor Led Mainstream,Total,Total,Number of students,Revised,161,135,132,57,74,0,1,0,3,13,13
202021,Academic year,School,E92000001,England,E12000006,East of England,881,E10000012,Essex,Some,8816909,135897,The Basildon Upper Academy,Non selective,Mixed,State-funded mainstream schools,Academy - Sponsor Led Mainstream,Total,Total,Percentage,Revised,161,83.9,82,35.4,46,0,0.6,0,1.9,8.1,8.1
202021,Academic year,School,E92000001,England,E12000007,London,202,E09000007,Camden,None,2024104,100049,Haverstock School,Non selective,Mixed,State-funded mainstream schools,Community School,Total,Total,Number of students,Revised,176,162,159,49,104,5,1,2,1,11,3
202021,Academic year,School,E92000001,England,E12000007,London,202,E09000007,Camden,None,2024104,100049,Haverstock School,Non selective,Mixed,State-funded mainstream schools,Community School,Total,Total,Percentage,Revised,176,92,90.3,27.8,59.1,2.8,0.6,1.1,0.6,6.3,1.7
202021,Academic year,School,E92000001,England,E12000007,London,202,E09000007,Camden,None,2024166,100050,Parliament Hill School,Non selective,Girls,State-funded mainstream schools,Community School,Total,Total,Number of students,Revised,177,173,172,15,143,14,0,1,0,3,1
202021,Academic year,School,E92000001,England,E12000007,London,202,E09000007,Camden,None,2024166,100050,Parliament Hill School,Non selective,Girls,State-funded mainstream schools,Community School,Total,Total,Percentage,Revised,177,97.7,97.2,8.5,80.8,7.9,0,0.6,0,1.7,0.6
202021,Academic year,School,E92000001,England,E12000007,London,202,E09000007,Camden,None,2024275,100052,Hampstead School,Non selective,Mixed,State-funded mainstream schools,Community School,Total,Total,Number of students,Revised,207,202,200,38,151,9,2,2,0,4,1
202021,Academic year,School,E92000001,England,E12000007,London,202,E09000007,Camden,None,2024275,100052,Hampstead School,Non selective,Mixed,State-funded mainstream schools,Community School,Total,Total,Percentage,Revised,207,97.6,96.6,18.4,72.9,4.3,1,1,0,1.9,0.5
202021,Academic year,School,E92000001,England,E12000007,London,202,E09000007,Camden,None,2024652,100055,Maria Fidelis Catholic School FCJ,Non selective,Mixed,State-funded mainstream schools,Voluntary Aided School,Total,Total,Number of students,Revised,129,122,120,47,71,2,0,0,2,4,3
202021,Academic year,School,E92000001,England,E12000007,London,202,E09000007,Camden,None,2024652,100055,Maria Fidelis Catholic School FCJ,Non selective,Mixed,State-funded mainstream schools,Voluntary Aided School,Total,Total,Percentage,Revised,129,94.6,93,36.4,55,1.6,0,0,1.6,3.1,2.3
202021,Academic year,School,E92000001,England,E12000007,London,203,E09000011,Greenwich,None,2034682,100193,St Ursula's Convent School,Non selective,Girls,State-funded mainstream schools,Voluntary Aided School,Total,Total,Number of students,Revised,119,119,118,11,84,18,5,0,1,0,0
202021,Academic year,School,E92000001,England,E12000007,London,203,E09000011,Greenwich,None,2034682,100193,St Ursula's Convent School,Non selective,Girls,State-funded mainstream schools,Voluntary Aided School,Total,Total,Percentage,Revised,119,100,99.2,9.2,70.6,15.1,4.2,0,0.8,0,0
202021,Academic year,School,E92000001,England,E12000007,London,206,E09000019,Islington,None,2064307,100455,Highbury Fields School,Non selective,Girls,State-funded mainstream schools,Community School,Total,Total,Number of students,Revised,132,121,118,35,67,14,2,2,1,8,3
202021,Academic year,School,E92000001,England,E12000007,London,206,E09000019,Islington,None,2064307,100455,Highbury Fields School,Non selective,Girls,State-funded mainstream schools,Community School,Total,Total,Percentage,Revised,132,91.7,89.4,26.5,50.8,10.6,1.5,1.5,0.8,6.1,2.3
202021,Academic year,School,E92000001,England,E12000007,London,210,E09000028,Southwark,None,2106909,135315,Ark Walworth Academy,Non selective,Mixed,State-funded mainstream schools,Academy - Sponsor Led Mainstream,Total,Total,Number of students,Revised,175,165,161,53,87,21,0,1,3,6,4
202021,Academic year,School,E92000001,England,E12000007,London,210,E09000028,Southwark,None,2106909,135315,Ark Walworth Academy,Non selective,Mixed,State-funded mainstream schools,Academy - Sponsor Led Mainstream,Total,Total,Percentage,Revised,175,94.3,92,30.3,49.7,12,0,0.6,1.7,3.4,2.3
202021,Academic year,School,E92000001,England,E12000007,London,211,E09000030,Tower Hamlets,None,2114722,100977,Stepney All Saints Church of England Secondary School,Non selective,Mixed,State-funded mainstream schools,Voluntary Aided School,Total,Total,Number of students,Revised,204,197,197,23,166,6,2,0,0,6,1
202021,Academic year,School,E92000001,England,E12000007,London,211,E09000030,Tower Hamlets,None,2114722,100977,Stepney All Saints Church of England Secondary School,Non selective,Mixed,State-funded mainstream schools,Voluntary Aided School,Total,Total,Percentage,Revised,204,96.6,96.6,11.3,81.4,2.9,1,0,0,2.9,0.5
202021,Academic year,School,E92000001,England,E12000007,London,302,E09000003,Barnet,Some,3025404,101361,St Michael's Catholic Grammar School,Selective,Girls,State-funded mainstream schools,Voluntary Aided School,Total,Total,Number of students,Revised,96,96,96,1,85,5,5,0,0,0,0
202021,Academic year,School,E92000001,England,E12000007,London,302,E09000003,Barnet,Some,3025404,101361,St Michael's Catholic Grammar School,Selective,Girls,State-funded mainstream schools,Voluntary Aided School,Total,Total,Percentage,Revised,96,100,100,1,88.5,5.2,5.2,0,0,0,0
202021,Academic year,School,E92000001,England,E12000008,South East,850,E10000014,Hampshire,None,8504162,116430,The Clere School,Non selective,Mixed,State-funded mainstream schools,Community School,Total,Total,Number of students,Revised,105,98,88,35,2,51,0,3,7,5,2
202021,Academic year,School,E92000001,England,E12000008,South East,850,E10000014,Hampshire,None,8504162,116430,The Clere School,Non selective,Mixed,State-funded mainstream schools,Community School,Total,Total,Percentage,Revised,105,93.3,83.8,33.3,1.9,48.6,0,2.9,6.7,4.8,1.9
202021,Academic year,School,E92000001,England,E12000009,South West,803,E06000025,South Gloucestershire,None,8034146,109319,Brimsham Green School,Non selective,Mixed,State-funded mainstream schools,Community School,Total,Total,Number of students,Revised,158,150,126,51,65,8,2,16,8,6,2
202021,Academic year,School,E92000001,England,E12000009,South West,803,E06000025,South Gloucestershire,None,8034146,109319,Brimsham Green School,Non selective,Mixed,State-funded mainstream schools,Community School,Total,Total,Percentage,Revised,158,94.9,79.7,32.3,41.1,5.1,1.3,10.1,5.1,3.8,1.3
202122,Academic year,School,E92000001,England,E12000001,North East,392,E08000022,North Tyneside,None,3924032,108640,Burnside College,Non selective,Mixed,State-funded mainstream schools,Foundation School,Total,Total,Number of students,Revised,169,160,148,85,63,0,0,6,6,8,1
202122,Academic year,School,E92000001,England,E12000001,North East,392,E08000022,North Tyneside,None,3924032,108640,Burnside College,Non selective,Mixed,State-funded mainstream schools,Foundation School,Total,Total,Percentage,Revised,169,94.7,87.6,50.3,37.3,0,0,3.6,3.6,4.7,0.6
202122,Academic year,School,E92000001,England,E12000002,North West,354,E08000005,Rochdale,None,3544801,131726,Holy Family Roman Catholic and Church of England College,Non selective,Mixed,State-funded mainstream schools,Voluntary Aided School,Total,Total,Number of students,Revised,144,131,123,76,0,46,1,2,6,9,4
202122,Academic year,School,E92000001,England,E12000002,North West,354,E08000005,Rochdale,None,3544801,131726,Holy Family Roman Catholic and Church of England College,Non selective,Mixed,State-funded mainstream schools,Voluntary Aided School,Total,Total,Percentage,Revised,144,91,85.4,52.8,0,31.9,0.7,1.4,4.2,6.3,2.8
202122,Academic year,School,E92000001,England,E12000003,Yorkshire and The Humber,383,E08000035,Leeds,None,3834040,108058,Allerton Grange School,Non selective,Mixed,State-funded mainstream schools,Community School,Total,Total,Number of students,Revised,268,255,247,78,135,30,4,4,4,7,6
202122,Academic year,School,E92000001,England,E12000003,Yorkshire and The Humber,383,E08000035,Leeds,None,3834040,108058,Allerton Grange School,Non selective,Mixed,State-funded mainstream schools,Community School,Total,Total,Percentage,Revised,268,95.1,92.2,29.1,50.4,11.2,1.5,1.5,1.5,2.6,2.2
202122,Academic year,School,E92000001,England,E12000005,West Midlands,330,E08000025,Birmingham,Some,3304245,103519,Moseley School and Sixth Form,Non selective,Mixed,State-funded mainstream schools,Foundation School,Total,Total,Number of students,Revised,242,218,214,75,109,30,0,0,4,16,8
202122,Academic year,School,E92000001,England,E12000005,West Midlands,330,E08000025,Birmingham,Some,3304245,103519,Moseley School and Sixth Form,Non selective,Mixed,State-funded mainstream schools,Foundation School,Total,Total,Percentage,Revised,242,90.1,88.4,31,45,12.4,0,0,1.7,6.6,3.3
202122,Academic year,School,E92000001,England,E12000005,West Midlands,333,E08000028,Sandwell,None,3334028,136091,The Phoenix Collegiate,Non selective,Mixed,State-funded mainstream schools,Foundation School,Total,Total,Number of students,Revised,318,279,258,138,117,2,1,13,8,32,7
202122,Academic year,School,E92000001,England,E12000005,West Midlands,333,E08000028,Sandwell,None,3334028,136091,The Phoenix Collegiate,Non selective,Mixed,State-funded mainstream schools,Foundation School,Total,Total,Percentage,Revised,318,87.7,81.1,43.4,36.8,0.6,0.3,4.1,2.5,10.1,2.2
202122,Academic year,School,E92000001,England,E12000006,East of England,821,E06000032,Luton,None,8215403,109707,Queen Elizabeth School,Non selective,Mixed,State-funded mainstream schools,Foundation School,Total,Total,Number of students,Revised,255,231,217,66,28,123,0,4,10,20,4
202122,Academic year,School,E92000001,England,E12000006,East of England,821,E06000032,Luton,None,8215403,109707,Queen Elizabeth School,Non selective,Mixed,State-funded mainstream schools,Foundation School,Total,Total,Percentage,Revised,255,90.6,85.1,25.9,11,48.2,0,1.6,3.9,7.8,1.6
202122,Academic year,School,E92000001,England,E12000006,East of England,881,E10000012,Essex,Some,8816909,135897,The Basildon Upper Academy,Non selective,Mixed,State-funded mainstream schools,Academy - Sponsor Led Mainstream,Total,Total,Number of students,Revised,263,206,182,83,93,1,5,5,19,32,25
202122,Academic year,School,E92000001,England,E12000006,East of England,881,E10000012,Essex,Some,8816909,135897,The Basildon Upper Academy,Non selective,Mixed,State-funded mainstream schools,Academy - Sponsor Led Mainstream,Total,Total,Percentage,Revised,263,78.3,69.2,31.6,35.4,0.4,1.9,1.9,7.2,12.2,9.5
202122,Academic year,School,E92000001,England,E12000007,London,202,E09000007,Camden,None,2024104,100049,Haverstock School,Non selective,Mixed,State-funded mainstream schools,Community School,Total,Total,Number of students,Revised,128,123,122,25,95,1,1,0,1,3,2
202122,Academic year,School,E92000001,England,E12000007,London,202,E09000007,Camden,None,2024104,100049,Haverstock School,Non selective,Mixed,State-funded mainstream schools,Community School,Total,Total,Percentage,Revised,128,96.1,95.3,19.5,74.2,0.8,0.8,0,0.8,2.3,1.6
202122,Academic year,School,E92000001,England,E12000007,London,202,E09000007,Camden,None,2024166,100050,Parliament Hill School,Non selective,Girls,State-funded mainstream schools,Community School,Total,Total,Number of students,Revised,162,157,155,10,130,14,1,1,1,5,0
202122,Academic year,School,E92000001,England,E12000007,London,202,E09000007,Camden,None,2024166,100050,Parliament Hill School,Non selective,Girls,State-funded mainstream schools,Community School,Total,Total,Percentage,Revised,162,96.9,95.7,6.2,80.2,8.6,0.6,0.6,0.6,3.1,0
202122,Academic year,School,E92000001,England,E12000007,London,202,E09000007,Camden,None,2024275,100052,Hampstead School,Non selective,Mixed,State-funded mainstream schools,Community School,Total,Total,Number of students,Revised,193,184,182,48,117,15,2,1,1,9,0
202122,Academic year,School,E92000001,England,E12000007,London,202,E09000007,Camden,None,2024275,100052,Hampstead School,Non selective,Mixed,State-funded mainstream schools,Community School,Total,Total,Percentage,Revised,193,95.3,94.3,24.9,60.6,7.8,1,0.5,0.5,4.7,0
202122,Academic year,School,E92000001,England,E12000007,London,202,E09000007,Camden,None,2024652,100055,Maria Fidelis Catholic School FCJ,Non selective,Mixed,State-funded mainstream schools,Voluntary Aided School,Total,Total,Number of students,Revised,138,127,125,45,71,8,1,0,2,7,4
202122,Academic year,School,E92000001,England,E12000007,London,202,E09000007,Camden,None,2024652,100055,Maria Fidelis Catholic School FCJ,Non selective,Mixed,State-funded mainstream schools,Voluntary Aided School,Total,Total,Percentage,Revised,138,92,90.6,32.6,51.4,5.8,0.7,0,1.4,5.1,2.9
202122,Academic year,School,E92000001,England,E12000007,London,203,E09000011,Greenwich,None,2034682,100193,St Ursula's Convent School,Non selective,Girls,State-funded mainstream schools,Voluntary Aided School,Total,Total,Number of students,Revised,128,126,126,14,79,29,4,0,0,2,0
202122,Academic year,School,E92000001,England,E12000007,London,203,E09000011,Greenwich,None,2034682,100193,St Ursula's Convent School,Non selective,Girls,State-funded mainstream schools,Voluntary Aided School,Total,Total,Percentage,Revised,128,98.4,98.4,10.9,61.7,22.7,3.1,0,0,1.6,0
202122,Academic year,School,E92000001,England,E12000007,London,206,E09000019,Islington,None,2064307,100455,Highbury Fields School,Non selective,Girls,State-funded mainstream schools,Community School,Total,Total,Number of students,Revised,131,119,117,32,75,9,1,0,2,9,3
202122,Academic year,School,E92000001,England,E12000007,London,206,E09000019,Islington,None,2064307,100455,Highbury Fields School,Non selective,Girls,State-funded mainstream schools,Community School,Total,Total,Percentage,Revised,131,90.8,89.3,24.4,57.3,6.9,0.8,0,1.5,6.9,2.3
202122,Academic year,School,E92000001,England,E12000007,London,210,E09000028,Southwark,None,2106909,135315,Ark Walworth Academy,Non selective,Mixed,State-funded mainstream schools,Academy - Sponsor Led Mainstream,Total,Total,Number of students,Revised,171,153,147,53,80,13,1,2,4,16,2
202122,Academic year,School,E92000001,England,E12000007,London,210,E09000028,Southwark,None,2106909,135315,Ark Walworth Academy,Non selective,Mixed,State-funded mainstream schools,Academy - Sponsor Led Mainstream,Total,Total,Percentage,Revised,171,89.5,86,31,46.8,7.6,0.6,1.2,2.3,9.4,1.2
202122,Academic year,School,E92000001,England,E12000007,London,211,E09000030,Tower Hamlets,None,2114722,100977,Stepney All Saints Church of England Secondary School,Non selective,Mixed,State-funded mainstream schools,Voluntary Aided School,Total,Total,Number of students,Revised,204,193,188,31,155,2,0,3,2,8,3
202122,Academic year,School,E92000001,England,E12000007,London,211,E09000030,Tower Hamlets,None,2114722,100977,Stepney All Saints Church of England Secondary School,Non selective,Mixed,State-funded mainstream schools,Voluntary Aided School,Total,Total,Percentage,Revised,204,94.6,92.2,15.2,76,1,0,1.5,1,3.9,1.5
202122,Academic year,School,E92000001,England,E12000007,London,302,E09000003,Barnet,Some,3025404,101361,St Michael's Catholic Grammar School,Selective,Girls,State-funded mainstream schools,Voluntary Aided School,Total,Total,Number of students,Revised,96,96,96,2,77,13,4,0,0,0,0
202122,Academic year,School,E92000001,England,E12000007,London,302,E09000003,Barnet,Some,3025404,101361,St Michael's Catholic Grammar School,Selective,Girls,State-funded mainstream schools,Voluntary Aided School,Total,Total,Percentage,Revised,96,100,100,2.1,80.2,13.5,4.2,0,0,0,0
202122,Academic year,School,E92000001,England,E12000008,South East,850,E10000014,Hampshire,None,8504162,116430,The Clere School,Non selective,Mixed,State-funded mainstream schools,Community School,Total,Total,Number of students,Revised,97,94,86,32,2,52,0,2,6,2,1
202122,Academic year,School,E92000001,England,E12000008,South East,850,E10000014,Hampshire,None,8504162,116430,The Clere School,Non selective,Mixed,State-funded mainstream schools,Community School,Total,Total,Percentage,Revised,97,96.9,88.7,33,2.1,53.6,0,2.1,6.2,2.1,1
202122,Academic year,School,E92000001,England,E12000009,South West,803,E06000025,South Gloucestershire,None,8034146,109319,Brimsham Green School,Non selective,Mixed,State-funded mainstream schools,Community School,Total,Total,Number of students,Revised,141,126,105,46,51,8,0,11,10,10,5
202122,Academic year,School,E92000001,England,E12000009,South West,803,E06000025,South Gloucestershire,None,8034146,109319,Brimsham Green School,Non selective,Mixed,State-funded mainstream schools,Community School,Total,Total,Percentage,Revised,141,89.4,74.5,32.6,36.2,5.7,0,7.8,7.1,7.1,3.5
202223,Academic year,School,E92000001,England,E12000001,North East,392,E08000022,North Tyneside,None,3924032,108640,Burnside College,Non selective,Mixed,State-funded mainstream schools,Foundation School,Disadvantage Status,Disadvantaged,Number of students,Revised,36,29,25,17,8,0,0,1,3,5,2
202223,Academic year,School,E92000001,England,E12000001,North East,392,E08000022,North Tyneside,None,3924032,108640,Burnside College,Non selective,Mixed,State-funded mainstream schools,Foundation School,Disadvantage Status,Disadvantaged,Percentage,Revised,36,80.6,69.4,47.2,22.2,0,0,2.8,8.3,13.9,5.6
202223,Academic year,School,E92000001,England,E12000001,North East,392,E08000022,North Tyneside,None,3924032,108640,Burnside College,Non selective,Mixed,State-funded mainstream schools,Foundation School,Total,Total,Number of students,Revised,131,118,107,75,32,0,0,6,5,9,4
202223,Academic year,School,E92000001,England,E12000001,North East,392,E08000022,North Tyneside,None,3924032,108640,Burnside College,Non selective,Mixed,State-funded mainstream schools,Foundation School,Total,Total,Percentage,Revised,131,90.1,81.7,57.3,24.4,0,0,4.6,3.8,6.9,3.1
202223,Academic year,School,E92000001,England,E12000002,North West,354,E08000005,Rochdale,None,3544801,131726,Holy Family Roman Catholic and Church of England College,Non selective,Mixed,State-funded mainstream schools,Voluntary Aided School,Disadvantage Status,Disadvantaged,Number of students,Revised,31,31,28,19,c,8,c,0,3,0,0
202223,Academic year,School,E92000001,England,E12000002,North West,354,E08000005,Rochdale,None,3544801,131726,Holy Family Roman Catholic and Church of England College,Non selective,Mixed,State-funded mainstream schools,Voluntary Aided School,Disadvantage Status,Disadvantaged,Percentage,Revised,31,100,90.3,61.3,c,25.8,c,0,9.7,0,0
202223,Academic year,School,E92000001,England,E12000002,North West,354,E08000005,Rochdale,None,3544801,131726,Holy Family Roman Catholic and Church of England College,Non selective,Mixed,State-funded mainstream schools,Voluntary Aided School,Total,Total,Number of students,Revised,148,142,131,85,3,42,1,5,6,6,0
202223,Academic year,School,E92000001,England,E12000002,North West,354,E08000005,Rochdale,None,3544801,131726,Holy Family Roman Catholic and Church of England College,Non selective,Mixed,State-funded mainstream schools,Voluntary Aided School,Total,Total,Percentage,Revised,148,95.9,88.5,57.4,2,28.4,0.7,3.4,4.1,4.1,0
202223,Academic year,School,E92000001,England,E12000003,Yorkshire and The Humber,383,E08000035,Leeds,None,3834040,108058,Allerton Grange School,Non selective,Mixed,State-funded mainstream schools,Community School,Disadvantage Status,Disadvantaged,Number of students,Revised,75,69,c,44,24,c,c,0,c,4,2
202223,Academic year,School,E92000001,England,E12000003,Yorkshire and The Humber,383,E08000035,Leeds,None,3834040,108058,Allerton Grange School,Non selective,Mixed,State-funded mainstream schools,Community School,Disadvantage Status,Disadvantaged,Percentage,Revised,75,92,c,58.7,32,c,c,0,c,5.3,2.7
202223,Academic year,School,E92000001,England,E12000003,Yorkshire and The Humber,383,E08000035,Leeds,None,3834040,108058,Allerton Grange School,Non selective,Mixed,State-funded mainstream schools,Community School,Total,Total,Number of students,Revised,270,249,244,103,121,19,1,4,1,12,9
202223,Academic year,School,E92000001,England,E12000003,Yorkshire and The Humber,383,E08000035,Leeds,None,3834040,108058,Allerton Grange School,Non selective,Mixed,State-funded mainstream schools,Community School,Total,Total,Percentage,Revised,270,92.2,90.4,38.1,44.8,c,0.4,c,0.4,4.4,3.3
202223,Academic year,School,E92000001,England,E12000005,West Midlands,330,E08000025,Birmingham,Some,3304245,103519,Moseley School and Sixth Form,Non selective,Mixed,State-funded mainstream schools,Foundation School,Disadvantage Status,Disadvantaged,Number of students,Revised,138,117,114,55,33,26,0,c,c,13,8
202223,Academic year,School,E92000001,England,E12000005,West Midlands,330,E08000025,Birmingham,Some,3304245,103519,Moseley School and Sixth Form,Non selective,Mixed,State-funded mainstream schools,Foundation School,Disadvantage Status,Disadvantaged,Percentage,Revised,138,84.8,82.6,39.9,23.9,18.8,0,c,c,9.4,5.8
202223,Academic year,School,E92000001,England,E12000005,West Midlands,330,E08000025,Birmingham,Some,3304245,103519,Moseley School and Sixth Form,Non selective,Mixed,State-funded mainstream schools,Foundation School,Total,Total,Number of students,Revised,247,213,207,98,64,45,0,2,4,20,14
202223,Academic year,School,E92000001,England,E12000005,West Midlands,330,E08000025,Birmingham,Some,3304245,103519,Moseley School and Sixth Form,Non selective,Mixed,State-funded mainstream schools,Foundation School,Total,Total,Percentage,Revised,247,86.2,83.8,39.7,25.9,18.2,0,0.8,1.6,8.1,5.7
202223,Academic year,School,E92000001,England,E12000005,West Midlands,333,E08000028,Sandwell,None,3334028,136091,The Phoenix Collegiate,Non selective,Mixed,State-funded mainstream schools,Foundation School,Disadvantage Status,Disadvantaged,Number of students,Revised,136,113,111,75,36,0,0,1,1,14,9
202223,Academic year,School,E92000001,England,E12000005,West Midlands,333,E08000028,Sandwell,None,3334028,136091,The Phoenix Collegiate,Non selective,Mixed,State-funded mainstream schools,Foundation School,Disadvantage Status,Disadvantaged,Percentage,Revised,136,83.1,81.6,55.1,26.5,0,0,0.7,0.7,10.3,6.6
202223,Academic year,School,E92000001,England,E12000005,West Midlands,333,E08000028,Sandwell,None,3334028,136091,The Phoenix Collegiate,Non selective,Mixed,State-funded mainstream schools,Foundation School,Total,Total,Number of students,Revised,333,291,279,150,127,2,0,7,5,27,15
202223,Academic year,School,E92000001,England,E12000005,West Midlands,333,E08000028,Sandwell,None,3334028,136091,The Phoenix Collegiate,Non selective,Mixed,State-funded mainstream schools,Foundation School,Total,Total,Percentage,Revised,333,87.4,83.8,45,38.1,0.6,0,2.1,1.5,8.1,4.5
202223,Academic year,School,E92000001,England,E12000006,East of England,821,E06000032,Luton,None,8215403,109707,Queen Elizabeth School,Non selective,Mixed,State-funded mainstream schools,Foundation School,Disadvantage Status,Disadvantaged,Number of students,Revised,71,59,57,22,11,24,0,c,c,10,2
202223,Academic year,School,E92000001,England,E12000006,East of England,821,E06000032,Luton,None,8215403,109707,Queen Elizabeth School,Non selective,Mixed,State-funded mainstream schools,Foundation School,Disadvantage Status,Disadvantaged,Percentage,Revised,71,83.1,80.3,31,15.5,33.8,0,c,c,14.1,2.8
202223,Academic year,School,E92000001,England,E12000006,East of England,821,E06000032,Luton,None,8215403,109707,Queen Elizabeth School,Non selective,Mixed,State-funded mainstream schools,Foundation School,Total,Total,Number of students,Revised,218,192,187,58,47,82,0,3,2,19,7
202223,Academic year,School,E92000001,England,E12000006,East of England,821,E06000032,Luton,None,8215403,109707,Queen Elizabeth School,Non selective,Mixed,State-funded mainstream schools,Foundation School,Total,Total,Percentage,Revised,218,88.1,85.8,26.6,21.6,37.6,0,1.4,0.9,8.7,3.2
202223,Academic year,School,E92000001,England,E12000006,East of England,881,E10000012,Essex,Some,8816909,135897,The Basildon Upper Academy,Non selective,Mixed,State-funded mainstream schools,Academy - Sponsor Led Mainstream,Disadvantage Status,Disadvantaged,Number of students,Revised,128,96,87,c,53,0,c,3,6,20,12
202223,Academic year,School,E92000001,England,E12000006,East of England,881,E10000012,Essex,Some,8816909,135897,The Basildon Upper Academy,Non selective,Mixed,State-funded mainstream schools,Academy - Sponsor Led Mainstream,Disadvantage Status,Disadvantaged,Percentage,Revised,128,75,68,c,41.4,0,c,2.3,4.7,15.6,9.4
202223,Academic year,School,E92000001,England,E12000006,East of England,881,E10000012,Essex,Some,8816909,135897,The Basildon Upper Academy,Non selective,Mixed,State-funded mainstream schools,Academy - Sponsor Led Mainstream,Total,Total,Number of students,Revised,257,211,197,69,125,2,1,5,9,27,19
202223,Academic year,School,E92000001,England,E12000006,East of England,881,E10000012,Essex,Some,8816909,135897,The Basildon Upper Academy,Non selective,Mixed,State-funded mainstream schools,Academy - Sponsor Led Mainstream,Total,Total,Percentage,Revised,257,82.1,76.7,26.8,48.6,0.8,0.4,1.9,3.5,10.5,7.4
202223,Academic year,School,E92000001,England,E12000007,London,202,E09000007,Camden,None,2024104,100049,Haverstock School,Non selective,Mixed,State-funded mainstream schools,Community School,Disadvantage Status,Disadvantaged,Number of students,Revised,95,86,c,c,72,0,0,0,c,c,c
202223,Academic year,School,E92000001,England,E12000007,London,202,E09000007,Camden,None,2024104,100049,Haverstock School,Non selective,Mixed,State-funded mainstream schools,Community School,Disadvantage Status,Disadvantaged,Percentage,Revised,95,90.5,c,c,75.8,0,0,0,c,c,c
202223,Academic year,School,E92000001,England,E12000007,London,202,E09000007,Camden,None,2024104,100049,Haverstock School,Non selective,Mixed,State-funded mainstream schools,Community School,Total,Total,Number of students,Revised,151,140,138,21,115,2,0,0,2,6,5
202223,Academic year,School,E92000001,England,E12000007,London,202,E09000007,Camden,None,2024104,100049,Haverstock School,Non selective,Mixed,State-funded mainstream schools,Community School,Total,Total,Percentage,Revised,151,92.7,91.4,13.9,76.2,1.3,0,0,1.3,4,3.3
202223,Academic year,School,E92000001,England,E12000007,London,202,E09000007,Camden,None,2024166,100050,Parliament Hill School,Non selective,Girls,State-funded mainstream schools,Community School,Disadvantage Status,Disadvantaged,Number of students,Revised,73,68,66,9,52,5,0,c,c,c,c
202223,Academic year,School,E92000001,England,E12000007,London,202,E09000007,Camden,None,2024166,100050,Parliament Hill School,Non selective,Girls,State-funded mainstream schools,Community School,Disadvantage Status,Disadvantaged,Percentage,Revised,73,93.2,90.4,12.3,71.2,6.8,0,c,c,c,c
202223,Academic year,School,E92000001,England,E12000007,London,202,E09000007,Camden,None,2024166,100050,Parliament Hill School,Non selective,Girls,State-funded mainstream schools,Community School,Total,Total,Number of students,Revised,174,166,163,17,125,19,2,1,2,5,3
202223,Academic year,School,E92000001,England,E12000007,London,202,E09000007,Camden,None,2024166,100050,Parliament Hill School,Non selective,Girls,State-funded mainstream schools,Community School,Total,Total,Percentage,Revised,174,95.4,93.7,9.8,71.8,10.9,1.1,0.6,1.1,2.9,1.7
202223,Academic year,School,E92000001,England,E12000007,London,202,E09000007,Camden,None,2024275,100052,Hampstead School,Non selective,Mixed,State-funded mainstream schools,Community School,Disadvantage Status,Disadvantaged,Number of students,Revised,89,81,80,25,47,c,c,c,c,c,c
202223,Academic year,School,E92000001,England,E12000007,London,202,E09000007,Camden,None,2024275,100052,Hampstead School,Non selective,Mixed,State-funded mainstream schools,Community School,Disadvantage Status,Disadvantaged,Percentage,Revised,89,91,89.9,28.1,52.8,c,c,c,c,c,c
202223,Academic year,School,E92000001,England,E12000007,London,202,E09000007,Camden,None,2024275,100052,Hampstead School,Non selective,Mixed,State-funded mainstream schools,Community School,Total,Total,Number of students,Revised,197,183,181,48,117,15,1,1,1,13,1
202223,Academic year,School,E92000001,England,E12000007,London,202,E09000007,Camden,None,2024275,100052,Hampstead School,Non selective,Mixed,State-funded mainstream schools,Community School,Total,Total,Percentage,Revised,197,92.9,91.9,24.4,59.4,7.6,0.5,0.5,0.5,6.6,0.5
202223,Academic year,School,E92000001,England,E12000007,London,202,E09000007,Camden,None,2024652,100055,Maria Fidelis Catholic School FCJ,Non selective,Mixed,State-funded mainstream schools,Voluntary Aided School,Disadvantage Status,Disadvantaged,Number of students,Revised,73,60,60,24,31,c,c,0,0,7,6
202223,Academic year,School,E92000001,England,E12000007,London,202,E09000007,Camden,None,2024652,100055,Maria Fidelis Catholic School FCJ,Non selective,Mixed,State-funded mainstream schools,Voluntary Aided School,Disadvantage Status,Disadvantaged,Percentage,Revised,73,82.2,82.2,32.9,42.5,c,c,0,0,9.6,8.2
202223,Academic year,School,E92000001,England,E12000007,London,202,E09000007,Camden,None,2024652,100055,Maria Fidelis Catholic School FCJ,Non selective,Mixed,State-funded mainstream schools,Voluntary Aided School,Total,Total,Number of students,Revised,134,115,113,39,65,6,3,2,0,10,9
202223,Academic year,School,E92000001,England,E12000007,London,202,E09000007,Camden,None,2024652,100055,Maria Fidelis Catholic School FCJ,Non selective,Mixed,State-funded mainstream schools,Voluntary Aided School,Total,Total,Percentage,Revised,134,85.8,84.3,29.1,48.5,4.5,2.2,1.5,0,7.5,6.7
202223,Academic year,School,E92000001,England,E12000007,London,203,E09000011,Greenwich,None,2034682,100193,St Ursula's Convent School,Non selective,Girls,State-funded mainstream schools,Voluntary Aided School,Disadvantage Status,Disadvantaged,Number of students,Revised,26,25,25,1,13,11,0,0,0,c,c
202223,Academic year,School,E92000001,England,E12000007,London,203,E09000011,Greenwich,None,2034682,100193,St Ursula's Convent School,Non selective,Girls,State-funded mainstream schools,Voluntary Aided School,Disadvantage Status,Disadvantaged,Percentage,Revised,26,96.2,96.2,3.8,50,42.3,0,0,0,c,c
202223,Academic year,School,E92000001,England,E12000007,London,203,E09000011,Greenwich,None,2034682,100193,St Ursula's Convent School,Non selective,Girls,State-funded mainstream schools,Voluntary Aided School,Total,Total,Number of students,Revised,122,118,118,4,69,42,3,0,0,3,1
202223,Academic year,School,E92000001,England,E12000007,London,203,E09000011,Greenwich,None,2034682,100193,St Ursula's Convent School,Non selective,Girls,State-funded mainstream schools,Voluntary Aided School,Total,Total,Percentage,Revised,122,96.7,96.7,3.3,56.6,34.4,2.5,0,0,2.5,0.8
202223,Academic year,School,E92000001,England,E12000007,London,206,E09000019,Islington,None,2064307,100455,Highbury Fields School,Non selective,Girls,State-funded mainstream schools,Community School,Disadvantage Status,Disadvantaged,Number of students,Revised,87,80,c,34,43,c,0,0,c,c,c
202223,Academic year,School,E92000001,England,E12000007,London,206,E09000019,Islington,None,2064307,100455,Highbury Fields School,Non selective,Girls,State-funded mainstream schools,Community School,Disadvantage Status,Disadvantaged,Percentage,Revised,87,92,c,39.1,49.4,c,0,0,c,c,c
202223,Academic year,School,E92000001,England,E12000007,London,206,E09000019,Islington,None,2064307,100455,Highbury Fields School,Non selective,Girls,State-funded mainstream schools,Community School,Total,Total,Number of students,Revised,134,125,123,40,81,2,0,0,2,6,3
202223,Academic year,School,E92000001,England,E12000007,London,206,E09000019,Islington,None,2064307,100455,Highbury Fields School,Non selective,Girls,State-funded mainstream schools,Community School,Total,Total,Percentage,Revised,134,93.3,91.8,29.9,60.4,1.5,0,0,1.5,4.5,2.2
202223,Academic year,School,E92000001,England,E12000007,London,210,E09000028,Southwark,None,2106909,135315,Ark Walworth Academy,Non selective,Mixed,State-funded mainstream schools,Academy - Sponsor Led Mainstream,Disadvantage Status,Disadvantaged,Number of students,Revised,97,90,88,29,55,c,c,c,c,4,3
202223,Academic year,School,E92000001,England,E12000007,London,210,E09000028,Southwark,None,2106909,135315,Ark Walworth Academy,Non selective,Mixed,State-funded mainstream schools,Academy - Sponsor Led Mainstream,Disadvantage Status,Disadvantaged,Percentage,Revised,97,92.8,90.7,29.9,56.7,c,c,c,c,4.1,3.1
202223,Academic year,School,E92000001,England,E12000007,London,210,E09000028,Southwark,None,2106909,135315,Ark Walworth Academy,Non selective,Mixed,State-funded mainstream schools,Academy - Sponsor Led Mainstream,Total,Total,Number of students,Revised,173,158,154,50,90,13,1,2,2,8,7
202223,Academic year,School,E92000001,England,E12000007,London,210,E09000028,Southwark,None,2106909,135315,Ark Walworth Academy,Non selective,Mixed,State-funded mainstream schools,Academy - Sponsor Led Mainstream,Total,Total,Percentage,Revised,173,91.3,89,28.9,52,7.5,0.6,1.2,1.2,4.6,4
202223,Academic year,School,E92000001,England,E12000007,London,211,E09000030,Tower Hamlets,None,2114722,100977,Stepney All Saints Church of England Secondary School,Non selective,Mixed,State-funded mainstream schools,Voluntary Aided School,Disadvantage Status,Disadvantaged,Number of students,Revised,109,105,c,19,82,c,c,0,c,c,c
202223,Academic year,School,E92000001,England,E12000007,London,211,E09000030,Tower Hamlets,None,2114722,100977,Stepney All Saints Church of England Secondary School,Non selective,Mixed,State-funded mainstream schools,Voluntary Aided School,Disadvantage Status,Disadvantaged,Percentage,Revised,109,96.3,c,17.4,75.2,c,c,0,c,c,c
202223,Academic year,School,E92000001,England,E12000007,London,211,E09000030,Tower Hamlets,None,2114722,100977,Stepney All Saints Church of England Secondary School,Non selective,Mixed,State-funded mainstream schools,Voluntary Aided School,Total,Total,Number of students,Revised,194,187,186,29,152,4,1,0,1,6,1
202223,Academic year,School,E92000001,England,E12000007,London,211,E09000030,Tower Hamlets,None,2114722,100977,Stepney All Saints Church of England Secondary School,Non selective,Mixed,State-funded mainstream schools,Voluntary Aided School,Total,Total,Percentage,Revised,194,96.4,95.9,14.9,78.4,2.1,0.5,0,0.5,3.1,0.5
202223,Academic year,School,E92000001,England,E12000007,London,302,E09000003,Barnet,Some,3025404,101361,St Michael's Catholic Grammar School,Selective,Girls,State-funded mainstream schools,Voluntary Aided School,Disadvantage Status,Disadvantaged,Number of students,Revised,2,c,c,0,c,c,c,0,0,c,c
202223,Academic year,School,E92000001,England,E12000007,London,302,E09000003,Barnet,Some,3025404,101361,St Michael's Catholic Grammar School,Selective,Girls,State-funded mainstream schools,Voluntary Aided School,Disadvantage Status,Disadvantaged,Percentage,Revised,2,c,c,0,c,c,c,0,0,c,c
202223,Academic year,School,E92000001,England,E12000007,London,302,E09000003,Barnet,Some,3025404,101361,St Michael's Catholic Grammar School,Selective,Girls,State-funded mainstream schools,Voluntary Aided School,Total,Total,Number of students,Revised,96,94,94,0,87,6,1,0,0,1,1
202223,Academic year,School,E92000001,England,E12000007,London,302,E09000003,Barnet,Some,3025404,101361,St Michael's Catholic Grammar School,Selective,Girls,State-funded mainstream schools,Voluntary Aided School,Total,Total,Percentage,Revised,96,97.9,97.9,0,90.6,6.3,1,0,0,1,1
202223,Academic year,School,E92000001,England,E12000008,South East,850,E10000014,Hampshire,None,8504162,116430,The Clere School,Non selective,Mixed,State-funded mainstream schools,Community School,Disadvantage Status,Disadvantaged,Number of students,Revised,16,14,12,8,0,4,0,1,1,c,c
202223,Academic year,School,E92000001,England,E12000008,South East,850,E10000014,Hampshire,None,8504162,116430,The Clere School,Non selective,Mixed,State-funded mainstream schools,Community School,Disadvantage Status,Disadvantaged,Percentage,Revised,16,87.5,75,50,0,25,0,6.3,6.3,c,c
202223,Academic year,School,E92000001,England,E12000008,South East,850,E10000014,Hampshire,None,8504162,116430,The Clere School,Non selective,Mixed,State-funded mainstream schools,Community School,Total,Total,Number of students,Revised,76,71,60,28,0,32,0,5,6,3,2
202223,Academic year,School,E92000001,England,E12000008,South East,850,E10000014,Hampshire,None,8504162,116430,The Clere School,Non selective,Mixed,State-funded mainstream schools,Community School,Total,Total,Percentage,Revised,76,93.4,78.9,36.8,0,42.1,0,6.6,7.9,3.9,2.6
202223,Academic year,School,E92000001,England,E12000009,South West,803,E06000025,South Gloucestershire,None,8034146,109319,Brimsham Green School,Non selective,Mixed,State-funded mainstream schools,Community School,Disadvantage Status,Disadvantaged,Number of students,Revised,23,21,17,12,4,c,c,2,2,2,0
202223,Academic year,School,E92000001,England,E12000009,South West,803,E06000025,South Gloucestershire,None,8034146,109319,Brimsham Green School,Non selective,Mixed,State-funded mainstream schools,Community School,Disadvantage Status,Disadvantaged,Percentage,Revised,23,91.3,73.9,52.2,17.4,c,c,8.7,8.7,8.7,0
202223,Academic year,School,E92000001,England,E12000009,South West,803,E06000025,South Gloucestershire,None,8034146,109319,Brimsham Green School,Non selective,Mixed,State-funded mainstream schools,Community School,Total,Total,Number of students,Revised,163,152,129,58,66,4,1,17,6,9,2
202223,Academic year,School,E92000001,England,E12000009,South West,803,E06000025,South Gloucestershire,None,8034146,109319,Brimsham Green School,Non selective,Mixed,State-funded mainstream schools,Community School,Total,Total,Percentage,Revised,163,93.3,79.1,35.6,40.5,2.5,0.6,10.4,3.7,5.5,1.2
