time_period,school_urn,sen_provision,pupil_count
202526,100001,All pupils,794
202526,100001,SEN support,10
202526,100001,"Education, health and care plans",2
202526,100049,All pupils,878
202526,100049,SEN support,200
202526,100049,"Education, health and care plans",30
202526,100050,All pupils,1500
202526,100050,SEN support,180
202526,100050,"Education, health and care plans",25
202526,100052,All pupils,1200
202526,100052,SEN support,0
202526,100052,"Education, health and care plans",0
202526,108640,All pupils,995
202526,108640,SEN support,150
202526,108640,"Education, health and care plans",20
202526,131726,All pupils,768
202526,131726,SEN support,120
202526,131726,"Education, health and care plans",15
202526,900001,All pupils,229
202526,900001,SEN support,40
202526,900001,"Education, health and care plans",13
202526,900002,All pupils,100
202526,900002,SEN support,0
202526,900002,"Education, health and care plans",0
202526,900003,All pupils,0
202526,900003,SEN support,0
202526,900003,"Education, health and care plans",0
202526,900006,All pupils,90
202526,900006,SEN support,10
202526,900006,"Education, health and care plans",1
202526,1.00E+05,All pupils,229
202526,1.00E+05,SEN support,40
202526,1.00E+05,"Education, health and care plans",13
