LSOA code (2021),LSOA name (2021),Local Authority District code (2024),Local Authority District name (2024),Index of Multiple Deprivation (IMD) Score,Index of Multiple Deprivation (IMD) Rank (where 1 is most deprived),Index of Multiple Deprivation (IMD) Decile (where 1 is most deprived 10% of LSOAs),Income Score (rate),Income Rank (where 1 is most deprived),Income Decile (where 1 is most deprived 10% of LSOAs),Employment Score (rate),Employment Rank (where 1 is most deprived),Employment Decile (where 1 is most deprived 10% of LSOAs),"Education, Skills and Training Score","Education, Skills and Training Rank (where 1 is most deprived)","Education, Skills and Training Decile (where 1 is most deprived 10% of LSOAs)",Health Deprivation and Disability Score,Health Deprivation and Disability Rank (where 1 is most deprived),Health Deprivation and Disability Decile (where 1 is most deprived 10% of LSOAs),Crime Score,Crime Rank (where 1 is most deprived),Crime Decile (where 1 is most deprived 10% of LSOAs),Barriers to Housing and Services Score,Barriers to Housing and Services Rank (where 1 is most deprived),Barriers to Housing and Services Decile (where 1 is most deprived 10% of LSOAs),Living Environment Score,Living Environment Rank (where 1 is most deprived),Living Environment Decile (where 1 is most deprived 10% of LSOAs),Income Deprivation Affecting Children Index (IDACI) Score (rate),Income Deprivation Affecting Children Index (IDACI) Rank (where 1 is most deprived),Income Deprivation Affecting Children Index (IDACI) Decile (where 1 is most deprived 10% of LSOAs),Income Deprivation Affecting Older People (IDAOPI) Score (rate),Income Deprivation Affecting Older People (IDAOPI) Rank (where 1 is most deprived),Income Deprivation Affecting Older People (IDAOPI) Decile (where 1 is most deprived 10% of LSOAs),Children and Young People Sub-domain Score,Children and Young People Sub-domain Rank (where 1 is most deprived),Children and Young People Sub-domain Decile (where 1 is most deprived 10% of LSO,Adult Skills Sub-domain Score,Adult Skills Sub-domain Rank (where 1 is most deprived),Adult Skills Sub-domain Decile (where 1 is most deprived 10% of LSOAs),Geographical Barriers Sub-domain Score,Geographical Barriers Sub-domain Rank (where 1 is most deprived),Geographical Barriers Sub-domain Decile (where 1 is most deprived 10% of LSOAs),Wider Barriers Sub-domain Score,Wider Barriers Sub-domain Rank (where 1 is most deprived),Wider Barriers Sub-domain Decile (where 1 is most deprived 10% of LSOAs),Indoors Sub-domain Score,Indoors Sub-domain Rank (where 1 is most deprived),Indoors Sub-domain Decile (where 1 is most deprived 10% of LSOAs),Outdoors Sub-domain Score,Outdoors Sub-domain Rank (where 1 is most deprived),Outdoors Sub-domain Decile (where 1 is most deprived 10% of LSOAs),Total population: mid 2022,Dependent Children aged 0-15: mid 2022,Older population aged 60 and over: mid 2022,Working age population 18-66 (for use with Employment Deprivation Domain): mid 2022
E01000001,City of London 001A,E09000001,City of London,8.742,26525,8,0.013,33730,10,0.014,33708,10,0.004,33755,10,-1.771,33108,10,-2.22,33698,10,10.95,29220,9,69.345,244,1,0.039,33304,10,0.012,33721,10,-2.902,33752,10,0.03,33749,10,4.437,33560,10,0.688,12832,4,1.207,1105,1,1.414,1586,1,1795,149,520,1248
E01000003,City of London 001C,E09000001,City of London,9.25,25913,8,0.107,25167,8,0.064,26985,8,3.269,30273,9,-0.292,20719,7,-0.765,27325,9,9.735,30400,10,41.163,4540,2,0.25,19647,6,0.153,16506,5,-0.756,27140,9,0.113,31467,10,2.509,33722,10,0.358,14241,5,0.318,10175,4,1.679,903,1,1896,136,432,1469
E01000005,City of London 001E,E09000001,City of London,19.884,14807,5,0.211,14836,5,0.104,17911,6,17.852,15886,5,0.436,10458,4,-0.626,25630,8,24.623,11294,4,38.695,5403,2,0.459,9604,3,0.625,912,1,-0.814,27797,9,0.305,8328,3,2.914,33693,10,4.091,3585,2,0.012,15502,5,2.065,303,1,1737,177,160,1448
E01000006,Barking and Dagenham 016A,E09000002,Barking and Dagenham,25.307,10917,4,0.343,7519,3,0.12,15286,5,25.442,11134,4,-0.372,21901,7,-0.072,17875,6,38.025,2745,1,29.616,9479,3,0.64,3669,2,0.156,16257,5,-0.199,19453,6,0.336,5992,2,13.049,31820,10,6.204,887,1,0.399,8934,3,0.4,9136,3,1837,397,225,1260
E01000014,Barking and Dagenham 013B,E09000002,Barking and Dagenham,28.117,9243,3,0.309,9095,3,0.175,8780,3,24.946,11402,4,0.58,8751,3,0.487,9700,3,24.769,11135,4,27.749,10503,4,0.36,13773,5,0.354,6107,2,-0.791,27555,9,0.362,4332,2,18.883,29309,9,3.814,4120,2,0.31,10288,4,0.431,8722,3,1780,424,266,1147
E01000016,Barking and Dagenham 009B,E09000002,Barking and Dagenham,26.475,10202,4,0.348,7271,3,0.154,10868,4,22.547,12727,4,0.543,9151,3,-0.273,20715,7,30.02,6566,2,20.576,14906,5,0.444,10186,4,0.446,3555,2,-0.196,19393,6,0.31,7859,3,19.325,29033,9,4.775,2475,1,-0.059,16967,6,0.498,7937,3,1846,450,234,1220
E01000051,Barking and Dagenham 021D,E09000002,Barking and Dagenham,31.542,7571,3,0.546,1649,1,0.109,17031,6,10.564,22156,7,0.632,8174,3,0.509,9411,3,27.911,8200,3,27.713,10529,4,0.679,2759,1,0.765,262,1,-0.351,21803,7,0.197,20540,7,9.907,32642,10,4.64,2680,1,-0.41,24463,8,1.7,850,1,1104,340,28,723
E01000116,Barnet 009B,E09000003,Barnet,9.499,25568,8,0.132,22048,7,0.075,24428,8,5.206,28016,9,-1.134,30525,10,-0.567,24840,8,20.565,16277,5,29.437,9576,3,0.148,26938,8,0.168,15369,5,-1.354,31825,10,0.183,22607,7,24.214,25432,8,2.437,7118,3,0.374,9314,3,0.447,8518,3,1680,351,395,1005
E01000117,Barnet 010A,E09000003,Barnet,9.751,25250,8,0.137,21520,7,0.08,23064,7,4.916,28342,9,-1.174,30778,10,0.068,15787,5,20.482,16381,5,19.242,15826,5,0.196,23317,7,0.086,23898,8,-1.233,31187,10,0.176,23671,8,24.611,25057,8,2.376,7285,3,-0.034,16446,5,0.308,10470,4,1779,355,501,1043
E01000119,Barnet 009C,E09000003,Barnet,8.049,27394,9,0.13,22211,7,0.071,25389,8,5.223,27992,9,-1.059,29970,9,-0.546,24535,8,19.324,17973,6,18.666,16272,5,0.138,27737,9,0.127,18950,6,-1.653,32894,10,0.188,21834,7,21.318,27697,9,2.37,7302,3,-0.002,15767,5,0.17,12613,4,1769,355,457,1050
