"time_period","school_urn","school_type","fte_all_teachers","fte_classroom_teachers","fte_all_teachers_without_qts","hc_all_teachers","percent_pt_teacher"
"202526","100050","LA maintained secondary","88.9","79.9","6","96","28.1"
"202526","100049","LA maintained secondary","61.99","46.39","5.6","66","16.7"
"202526","100055","LA maintained secondary","65.68","59.68","3","68","8.8"
"202526","100052","LA maintained secondary","87.95","79","4","91","13.2"
"202526","100091","LA maintained special or PRU","3.6","1","0","4","25"
"202526","100193","LA maintained secondary","39.4","31.8","1.2","42","16.7"
"202526","145609","Secondary converter academy","x","x","x","x","x"
"202526","100455","LA maintained secondary","58.7","52.7","1","59","3.4"
"202526","135315","Secondary sponsor led academy","63.24","57.34","2","65","13.8"
"202526","100977","LA maintained secondary","103.75","93.15","0","111","15.3"
"202526","101361","LA maintained secondary","57.59","52.59","2","68","36.8"
"202526","103519","LA maintained secondary","95.8","77.1","1.9","102","17.6"
"202526","136091","LA maintained secondary","123.95","101.15","9.23","131","16"
"202526","131726","LA maintained secondary","47.3","42.3","0","49","8.2"
"202526","108058","LA maintained secondary","105.9","96.1","0","115","27.8"
"202526","108640","LA maintained secondary","63.4","55.6","2","66","15.2"
"202526","109319","LA maintained secondary","65.7","59.1","0","73","30.1"
"202526","109707","LA maintained secondary","77.3","68.3","13","81","11.1"
"202526","109694","LA maintained secondary","29","24","0","31","16.1"
"202526","116430","LA maintained secondary","27.4","23.4","4","28","7.1"
"202526","135897","Secondary sponsor led academy","61.72","59.72","7.12","65","18.5"
