"time_period","school_urn","total_teachers_taking_absence","percentage_taking_absence","average_number_of_days_all_teachers"
"202425","108640","42","53.8","4.4"
"202425","131726","35","70","3.6"
"202425","108058","82","70.1","4.5"
"202425","103519","82","78.8","8.1"
"202425","136091","100","70.9","6.5"
"202425","109707","55","61.1","4.1"
"202425","109694","24","70.6","6"
"202425","135897","62","81.6","7.1"
"202425","116430","23","67.6","6.3"
"202425","109319","62","88.6","5.4"
"202425","100049","57","79.2","5.2"
"202425","100050","75","79.8","5.4"
"202425","100052","79","78.2","8.6"
"202425","100055","60","83.3","10.3"
"202425","100091","c","c","c"
"202425","100455","46","76.7","9"
"202425","135315","62","86.1","5.7"
"202425","100977","92","81.4","6.8"
"202425","100193","27","56.3","3.5"
"202425","101361","60","74.1","5.4"
