time_period,school_urn,school_name,establishment_type_group,breakdown,pupil_count,pupil_percent,attainment8_average,engmath_95_percent,ebacc_entering_percent,progress8_average,progress8_lower_95_ci,progress8_upper_95_ci
202425,100001,City of London School for Girls,Independent schools,Total,100,100,49.7,0,0,z,z,z
202425,100001,City of London School for Girls,Independent schools,Disadvantaged,z,z,z,z,z,z,z,z
202425,100049,Haverstock School,Community school,Total,146,100,41.5,37,27.4,z,z,z
202425,100049,Haverstock School,Community school,Disadvantaged,117,80.1,39.8,31.6,26.5,z,z,z
202425,100050,Parliament Hill School,Community school,Total,179,100,57.1,59.2,41.9,z,z,z
202425,100050,Parliament Hill School,Community school,Disadvantaged,72,40.2,46.5,34.7,31.9,z,z,z
202425,100052,Hampstead School,Community school,Total,202,100,43.1,42.6,23.8,z,z,z
202425,100052,Hampstead School,Community school,Disadvantaged,111,55,39.9,37.8,18.9,z,z,z
202425,100055,Maria Fidelis Catholic School FCJ,Voluntary aided school,Total,143,100,41.9,35,53.1,z,z,z
202425,100055,Maria Fidelis Catholic School FCJ,Voluntary aided school,Disadvantaged,88,61.5,38.9,29.5,48.9,z,z,z
202425,100193,St Ursula's Convent School,Voluntary aided school,Total,116,100,55.1,62.1,83.6,z,z,z
202425,100193,St Ursula's Convent School,Voluntary aided school,Disadvantaged,23,19.8,48.9,43.5,78.3,z,z,z
202425,100455,Highbury Fields School,Community school,Total,134,100,57.4,61.9,48.5,z,z,z
202425,100455,Highbury Fields School,Community school,Disadvantaged,72,53.7,52.1,50,40.3,z,z,z
202425,135315,Ark Walworth Academy,Sponsored academies,Total,156,100,43.3,43.6,73.1,z,z,z
202425,135315,Ark Walworth Academy,Sponsored academies,Disadvantaged,111,71.2,41.3,44.1,71.2,z,z,z
202425,100977,Stepney All Saints Church of England Secondary School,Voluntary aided school,Total,205,100,53.6,60,79,z,z,z
202425,100977,Stepney All Saints Church of England Secondary School,Voluntary aided school,Disadvantaged,109,53.2,51.7,55,72.5,z,z,z
202425,101361,St Michael's Catholic Grammar School,Voluntary aided school,Total,127,100,77.8,96.1,72.4,z,z,z
202425,101361,St Michael's Catholic Grammar School,Voluntary aided school,Disadvantaged,11,8.7,75.5,90.9,81.8,z,z,z
202425,103519,Moseley School and Sixth Form,Foundation school,Total,246,100,39.7,26.4,26.4,z,z,z
202425,103519,Moseley School and Sixth Form,Foundation school,Disadvantaged,163,66.3,38.1,23.9,23.3,z,z,z
202425,136091,The Phoenix Collegiate,Foundation school,Total,331,100,39.8,24.8,40.8,z,z,z
202425,136091,The Phoenix Collegiate,Foundation school,Disadvantaged,140,42.3,33.2,17.1,29.3,z,z,z
202425,131726,Holy Family Roman Catholic and Church of England College,Voluntary aided school,Total,149,100,43.4,44.3,14.1,z,z,z
202425,131726,Holy Family Roman Catholic and Church of England College,Voluntary aided school,Disadvantaged,37,24.8,29.9,21.6,5.4,z,z,z
202425,108058,Allerton Grange School,Community school,Total,304,100,48.2,50,86.2,z,z,z
202425,108058,Allerton Grange School,Community school,Disadvantaged,91,29.9,36,22,78,z,z,z
202425,108640,Burnside College,Foundation school,Total,131,100,44.2,30.5,74,z,z,z
202425,108640,Burnside College,Foundation school,Disadvantaged,42,32.1,38.2,23.8,61.9,z,z,z
202425,109319,Brimsham Green School,Community school,Total,152,100,44.9,43.4,16.4,z,z,z
202425,109319,Brimsham Green School,Community school,Disadvantaged,18,11.8,29.1,11.1,16.7,z,z,z
202425,109707,Queen Elizabeth School,Foundation school,Total,200,100,39.9,34.5,72.5,z,z,z
202425,109707,Queen Elizabeth School,Foundation school,Disadvantaged,71,35.5,33,23.9,57.7,z,z,z
202425,109694,Edward Peake CofE VC School,Voluntary controlled school,Total,0,z,z,z,z,z,z,z
202425,109694,Edward Peake CofE VC School,Voluntary controlled school,Disadvantaged,0,z,z,z,z,z,z,z
202425,116430,The Clere School,Community school,Total,88,100,41.3,42,30.7,z,z,z
202425,116430,The Clere School,Community school,Disadvantaged,21,23.9,31.9,23.8,9.5,z,z,z
202425,135897,The Basildon Upper Academy,Sponsored academies,Total,292,100,28.7,20.9,74.7,z,z,z
202425,135897,The Basildon Upper Academy,Sponsored academies,Disadvantaged,133,45.5,22.1,11.3,57.9,z,z,z
202324,100001,City of London School for Girls,Independent schools,Total,97,100,60.3,0,0,z,z,z
202324,100001,City of London School for Girls,Independent schools,Disadvantaged,z,z,z,z,z,z,z,z
202324,100049,Haverstock School,Community school,Total,156,100,44.2,47.4,27.6,-0.2,-0.44,0.04
202324,100049,Haverstock School,Community school,Disadvantaged,113,72.4,42.6,43.4,23,-0.29,-0.57,-0.02
202324,100050,Parliament Hill School,Community school,Total,177,100,58.9,70.1,43.5,0.5,0.28,0.72
202324,100050,Parliament Hill School,Community school,Disadvantaged,74,41.8,50.1,52.7,29.7,0.18,-0.15,0.51
202324,100052,Hampstead School,Community school,Total,203,100,41.2,33.5,17.2,-0.46,-0.66,-0.25
202324,100052,Hampstead School,Community school,Disadvantaged,103,50.7,34.6,23.3,9.7,-0.83,-1.12,-0.54
202324,100055,Maria Fidelis Catholic School FCJ,Voluntary aided school,Total,131,100,41.8,38.9,22.9,-0.58,-0.83,-0.33
202324,100055,Maria Fidelis Catholic School FCJ,Voluntary aided school,Disadvantaged,64,48.9,38.3,32.8,20.3,-0.7,-1.05,-0.34
202324,100193,St Ursula's Convent School,Voluntary aided school,Total,129,100,50.9,62.8,84.5,0.09,-0.17,0.34
202324,100193,St Ursula's Convent School,Voluntary aided school,Disadvantaged,32,24.8,46.1,50,84.4,-0.42,-0.91,0.07
202324,100455,Highbury Fields School,Community school,Total,127,100,51.4,56.7,30.7,0.43,0.17,0.68
202324,100455,Highbury Fields School,Community school,Disadvantaged,68,53.5,45.9,44.1,25,0.13,-0.22,0.48
202324,135315,Ark Walworth Academy,Sponsored academies,Total,155,100,41.5,41.3,49,0.18,-0.05,0.4
202324,135315,Ark Walworth Academy,Sponsored academies,Disadvantaged,102,65.8,40.1,36.3,47.1,0.24,-0.04,0.52
202324,100977,Stepney All Saints Church of England Secondary School,Voluntary aided school,Total,205,100,58.1,65.4,87.3,0.77,0.57,0.96
202324,100977,Stepney All Saints Church of England Secondary School,Voluntary aided school,Disadvantaged,104,50.7,57.3,66.3,85.6,0.81,0.53,1.08
202324,101361,St Michael's Catholic Grammar School,Voluntary aided school,Total,128,100,79.3,98.4,72.7,0.98,0.73,1.22
202324,101361,St Michael's Catholic Grammar School,Voluntary aided school,Disadvantaged,11,8.6,77,100,36.4,0.99,0.15,1.83
202324,103519,Moseley School and Sixth Form,Foundation school,Total,245,100,39.1,30.6,31.8,-0.33,-0.52,-0.14
202324,103519,Moseley School and Sixth Form,Foundation school,Disadvantaged,130,53.1,37.8,30,29.2,-0.37,-0.63,-0.11
202324,136091,The Phoenix Collegiate,Foundation school,Total,341,100,44,37.2,14.4,0.17,0.02,0.33
202324,136091,The Phoenix Collegiate,Foundation school,Disadvantaged,127,37.2,36,22,10.2,-0.35,-0.61,-0.1
202324,131726,Holy Family Roman Catholic and Church of England College,Voluntary aided school,Total,149,100,46.8,52.3,19.5,-0.32,-0.54,-0.09
202324,131726,Holy Family Roman Catholic and Church of England College,Voluntary aided school,Disadvantaged,30,20.1,37.6,30,13.3,-0.81,-1.31,-0.3
202324,108058,Allerton Grange School,Community school,Total,267,100,44.9,45.7,86.9,-0.02,-0.19,0.15
202324,108058,Allerton Grange School,Community school,Disadvantaged,98,36.7,33.5,20.4,79.6,-0.32,-0.6,-0.03
202324,108640,Burnside College,Foundation school,Total,166,100,41.5,31.3,62.7,-0.46,-0.68,-0.24
202324,108640,Burnside College,Foundation school,Disadvantaged,63,38,33.1,15.9,47.6,-0.89,-1.25,-0.53
202324,109319,Brimsham Green School,Community school,Total,160,100,50.2,52.5,9.4,0.27,0.04,0.49
202324,109319,Brimsham Green School,Community school,Disadvantaged,19,11.9,36.3,26.3,5.3,-0.5,-1.15,0.16
202324,109707,Queen Elizabeth School,Foundation school,Total,215,100,41.8,41.4,68.8,-0.34,-0.55,-0.13
202324,109707,Queen Elizabeth School,Foundation school,Disadvantaged,71,33,33.5,25.4,56.3,-0.65,-1,-0.31
202324,116430,The Clere School,Community school,Total,72,100,39.1,37.5,25,-0.62,-0.96,-0.29
202324,116430,The Clere School,Community school,Disadvantaged,15,20.8,25,20,13.3,-1.03,-1.77,-0.29
202324,135897,The Basildon Upper Academy,Sponsored academies,Total,330,100,26.6,19.4,77.6,-1.44,-1.6,-1.27
202324,135897,The Basildon Upper Academy,Sponsored academies,Disadvantaged,143,43.3,18.1,9.8,62.2,-1.87,-2.12,-1.63
202223,100001,City of London School for Girls,Independent schools,Total,195,100,29.4,0,0,z,z,z
202223,100001,City of London School for Girls,Independent schools,Disadvantaged,z,z,z,z,z,z,z,z
202223,100049,Haverstock School,Community school,Total,151,100,41.7,43,34.4,-0.28,-0.54,-0.03
202223,100049,Haverstock School,Community school,Disadvantaged,95,62.9,37.7,40,33.7,-0.44,-0.75,-0.12
202223,100050,Parliament Hill School,Community school,Total,174,100,59.1,66.7,44.8,0.61,0.39,0.83
202223,100050,Parliament Hill School,Community school,Disadvantaged,73,42,50.5,53.4,28.8,0.14,-0.2,0.47
202223,100052,Hampstead School,Community school,Total,197,100,44.6,43.1,19.8,-0.03,-0.24,0.17
202223,100052,Hampstead School,Community school,Disadvantaged,89,45.2,39.3,31.5,15.7,-0.18,-0.49,0.13
202223,100055,Maria Fidelis Catholic School FCJ,Voluntary aided school,Total,134,100,40.5,38.1,39.6,-0.33,-0.57,-0.08
202223,100055,Maria Fidelis Catholic School FCJ,Voluntary aided school,Disadvantaged,73,54.5,34.5,30.1,31.5,-0.56,-0.9,-0.22
202223,100193,St Ursula's Convent School,Voluntary aided school,Total,122,100,57.3,69.7,86.1,0.6,0.34,0.85
202223,100193,St Ursula's Convent School,Voluntary aided school,Disadvantaged,26,21.3,54.6,65.4,80.8,0.96,0.42,1.51
202223,100455,Highbury Fields School,Community school,Total,134,100,57.1,64.9,52.2,0.82,0.57,1.07
202223,100455,Highbury Fields School,Community school,Disadvantaged,87,64.9,52.6,55.2,48.3,0.58,0.27,0.88
202223,135315,Ark Walworth Academy,Sponsored academies,Total,173,100,44.1,45.7,51.4,0.12,-0.09,0.33
202223,135315,Ark Walworth Academy,Sponsored academies,Disadvantaged,97,56.1,42.6,41.2,44.3,-0.03,-0.32,0.25
202223,100977,Stepney All Saints Church of England Secondary School,Voluntary aided school,Total,194,100,57.7,69.6,86.6,0.74,0.54,0.94
202223,100977,Stepney All Saints Church of England Secondary School,Voluntary aided school,Disadvantaged,109,56.2,56.7,66.1,84.4,0.62,0.35,0.89
202223,101361,St Michael's Catholic Grammar School,Voluntary aided school,Total,96,100,79.8,99,82.3,1.09,0.8,1.38
202223,101361,St Michael's Catholic Grammar School,Voluntary aided school,Disadvantaged,2,2.1,c,c,c,c,c,c
202223,103519,Moseley School and Sixth Form,Foundation school,Total,247,100,37.3,22.7,42.1,-0.59,-0.78,-0.39
202223,103519,Moseley School and Sixth Form,Foundation school,Disadvantaged,138,55.9,37.6,20.3,41.3,-0.51,-0.78,-0.25
202223,136091,The Phoenix Collegiate,Foundation school,Total,333,100,42.2,34.5,12,-0.16,-0.32,0
202223,136091,The Phoenix Collegiate,Foundation school,Disadvantaged,136,40.8,36.8,25.7,8.8,-0.51,-0.76,-0.26
202223,131726,Holy Family Roman Catholic and Church of England College,Voluntary aided school,Total,148,100,45.7,48,12.8,-0.13,-0.36,0.1
202223,131726,Holy Family Roman Catholic and Church of England College,Voluntary aided school,Disadvantaged,31,20.9,35.6,25.8,16.1,-0.58,-1.08,-0.09
202223,108058,Allerton Grange School,Community school,Total,270,100,43.9,43,85.9,-0.03,-0.21,0.14
202223,108058,Allerton Grange School,Community school,Disadvantaged,75,27.8,34.5,24,77.3,-0.2,-0.53,0.13
202223,108640,Burnside College,Foundation school,Total,131,100,45,34.4,85.5,-0.14,-0.38,0.11
202223,108640,Burnside College,Foundation school,Disadvantaged,36,27.5,39.8,19.4,86.1,-0.53,-0.99,-0.06
202223,109319,Brimsham Green School,Community school,Total,163,100,46.1,42.3,12.9,0.09,-0.13,0.3
202223,109319,Brimsham Green School,Community school,Disadvantaged,23,14.1,31.8,13,8.7,-0.47,-1.04,0.11
202223,109707,Queen Elizabeth School,Foundation school,Total,218,100,43.3,37.2,24.8,-0.03,-0.23,0.17
202223,109707,Queen Elizabeth School,Foundation school,Disadvantaged,71,32.6,36.7,29.6,11.3,-0.47,-0.81,-0.13
202223,116430,The Clere School,Community school,Total,76,100,38.6,39.5,15.8,-0.73,-1.05,-0.41
202223,116430,The Clere School,Community school,Disadvantaged,16,21.1,26.9,12.5,0,-1.22,-1.91,-0.52
202223,135897,The Basildon Upper Academy,Sponsored academies,Total,257,100,29.4,23,6.2,-1.25,-1.44,-1.07
202223,135897,The Basildon Upper Academy,Sponsored academies,Disadvantaged,128,49.8,22.7,10.9,5.5,-1.73,-1.99,-1.48
202324,100001,City of London School for Girls,Independent schools,High prior attainment,z,z,z,z,z,z,z,z
202324,100001,City of London School for Girls,Independent schools,Low prior attainment,z,z,z,z,z,z,z,z
202324,100001,City of London School for Girls,Independent schools,Mid prior attainment,z,z,z,z,z,z,z,z
202223,100049,Haverstock School,Community school,High prior attainment,17,11.3,58.6,76.5,76.5,-0.4,-1.07,0.27
202223,100049,Haverstock School,Community school,Low prior attainment,34,22.5,22.2,2.9,8.8,-0.45,-0.92,0.03
202223,100049,Haverstock School,Community school,Mid prior attainment,64,42.4,45,53.1,43.8,-0.17,-0.51,0.18
202324,100049,Haverstock School,Community school,High prior attainment,24,15.4,68,95.8,70.8,0.18,-0.39,0.75
202324,100049,Haverstock School,Community school,Low prior attainment,26,16.7,22.1,7.7,0,-0.58,-1.12,-0.03
202324,100049,Haverstock School,Community school,Mid prior attainment,86,55.1,43.8,45.3,25.6,-0.19,-0.49,0.11
202324,100050,Parliament Hill School,Community school,High prior attainment,63,35.6,70.3,85.7,57.1,0.59,0.24,0.94
202324,100050,Parliament Hill School,Community school,Low prior attainment,14,7.9,30.9,7.1,28.6,0.48,-0.26,1.22
202324,100050,Parliament Hill School,Community school,Mid prior attainment,85,48,52.3,64.7,30.6,0.43,0.13,0.74
202223,100055,Maria Fidelis Catholic School FCJ,Voluntary aided school,High prior attainment,21,15.7,60.6,81,57.1,-0.47,-1.07,0.14
202223,100055,Maria Fidelis Catholic School FCJ,Voluntary aided school,Low prior attainment,29,21.6,21.1,6.9,27.6,-0.51,-1.03,0
202223,100055,Maria Fidelis Catholic School FCJ,Voluntary aided school,Mid prior attainment,76,56.7,43.7,40.8,42.1,-0.22,-0.53,0.1
202324,100193,St Ursula's Convent School,Voluntary aided school,High prior attainment,37,28.7,59.6,81.1,100,-0.46,-0.92,0
202324,100193,St Ursula's Convent School,Voluntary aided school,Low prior attainment,10,7.8,31.2,20,80,0.08,-0.79,0.96
202324,100193,St Ursula's Convent School,Voluntary aided school,Mid prior attainment,73,56.6,50.9,63,83.6,0.36,0.04,0.69
202324,101361,St Michael's Catholic Grammar School,Voluntary aided school,High prior attainment,112,87.5,80.4,99.1,74.1,0.9,0.64,1.16
202324,101361,St Michael's Catholic Grammar School,Voluntary aided school,Low prior attainment,0,0,z,z,z,z,z,z
202324,101361,St Michael's Catholic Grammar School,Voluntary aided school,Mid prior attainment,13,10.2,70.7,92.3,61.5,1.63,0.86,2.4
202425,100001,City of London School for Girls,Independent schools,Not known to be disadvantaged,z,z,z,z,z,z,z,z
202425,100049,Haverstock School,Community school,Not known to be disadvantaged,29,19.9,48.8,58.6,31,z,z,z
202425,100050,Parliament Hill School,Community school,Not known to be disadvantaged,107,59.8,64.1,75.7,48.6,z,z,z
202425,100052,Hampstead School,Community school,Not known to be disadvantaged,91,45,47,48.4,29.7,z,z,z
202425,100055,Maria Fidelis Catholic School FCJ,Voluntary aided school,Not known to be disadvantaged,55,38.5,46.9,43.6,60,z,z,z
202425,100193,St Ursula's Convent School,Voluntary aided school,Not known to be disadvantaged,93,80.2,56.6,66.7,84.9,z,z,z
202425,100455,Highbury Fields School,Community school,Not known to be disadvantaged,62,46.3,63.5,75.8,58.1,z,z,z
202425,135315,Ark Walworth Academy,Sponsored academies,Not known to be disadvantaged,45,28.8,48,42.2,77.8,z,z,z
202425,100977,Stepney All Saints Church of England Secondary School,Voluntary aided school,Not known to be disadvantaged,96,46.8,55.8,65.6,86.5,z,z,z
202425,101361,St Michael's Catholic Grammar School,Voluntary aided school,Not known to be disadvantaged,116,91.3,78,96.6,71.6,z,z,z
202425,103519,Moseley School and Sixth Form,Foundation school,Not known to be disadvantaged,83,33.7,42.7,31.3,32.5,z,z,z
202425,136091,The Phoenix Collegiate,Foundation school,Not known to be disadvantaged,191,57.7,44.6,30.4,49.2,z,z,z
202425,131726,Holy Family Roman Catholic and Church of England College,Voluntary aided school,Not known to be disadvantaged,112,75.2,47.8,51.8,17,z,z,z
202425,108058,Allerton Grange School,Community school,Not known to be disadvantaged,213,70.1,53.4,62,89.7,z,z,z
202425,108640,Burnside College,Foundation school,Not known to be disadvantaged,89,67.9,47.1,33.7,79.8,z,z,z
202425,109319,Brimsham Green School,Community school,Not known to be disadvantaged,134,88.2,47,47.8,16.4,z,z,z
202425,109707,Queen Elizabeth School,Foundation school,Not known to be disadvantaged,129,64.5,43.7,40.3,80.6,z,z,z
202425,109694,Edward Peake CofE VC School,Voluntary controlled school,Not known to be disadvantaged,0,z,z,z,z,z,z,z
202425,116430,The Clere School,Community school,Not known to be disadvantaged,67,76.1,44.3,47.8,37.3,z,z,z
202425,135897,The Basildon Upper Academy,Sponsored academies,Not known to be disadvantaged,159,54.5,34.3,28.9,88.7,z,z,z
202324,100001,City of London School for Girls,Independent schools,Not known to be disadvantaged,z,z,z,z,z,z,z,z
202324,100049,Haverstock School,Community school,Not known to be disadvantaged,43,27.6,48.4,58.1,39.5,0.07,-0.4,0.54
202324,100050,Parliament Hill School,Community school,Not known to be disadvantaged,103,58.2,65.1,82.5,53.4,0.75,0.46,1.04
202324,100052,Hampstead School,Community school,Not known to be disadvantaged,100,49.3,48,44,25,-0.11,-0.39,0.17
202324,100055,Maria Fidelis Catholic School FCJ,Voluntary aided school,Not known to be disadvantaged,67,51.1,45.2,44.8,25.4,-0.46,-0.81,-0.11
202324,100193,St Ursula's Convent School,Voluntary aided school,Not known to be disadvantaged,97,75.2,52.4,67,84.5,0.27,-0.03,0.56
202324,100455,Highbury Fields School,Community school,Not known to be disadvantaged,59,46.5,57.8,71.2,37.3,0.77,0.4,1.15
202324,135315,Ark Walworth Academy,Sponsored academies,Not known to be disadvantaged,53,34.2,44.2,50.9,52.8,0.06,-0.33,0.44
202324,100977,Stepney All Saints Church of England Secondary School,Voluntary aided school,Not known to be disadvantaged,101,49.3,58.8,64.4,89.1,0.72,0.44,1
202324,101361,St Michael's Catholic Grammar School,Voluntary aided school,Not known to be disadvantaged,117,91.4,79.5,98.3,76.1,0.97,0.71,1.23
202324,103519,Moseley School and Sixth Form,Foundation school,Not known to be disadvantaged,115,46.9,40.7,31.3,34.8,-0.28,-0.55,-0.01
202324,136091,The Phoenix Collegiate,Foundation school,Not known to be disadvantaged,214,62.8,48.8,46.3,16.8,0.49,0.29,0.69
202324,131726,Holy Family Roman Catholic and Church of England College,Voluntary aided school,Not known to be disadvantaged,119,79.9,49.1,58,21,-0.19,-0.45,0.06
202324,108058,Allerton Grange School,Community school,Not known to be disadvantaged,169,63.3,51.5,60.4,91.1,0.15,-0.07,0.37
202324,108640,Burnside College,Foundation school,Not known to be disadvantaged,103,62,46.6,40.8,71.8,-0.21,-0.49,0.07
202324,109319,Brimsham Green School,Community school,Not known to be disadvantaged,141,88.1,52.1,56,9.9,0.37,0.13,0.6
202324,109707,Queen Elizabeth School,Foundation school,Not known to be disadvantaged,144,67,45.9,49.3,75,-0.16,-0.43,0.1
202324,116430,The Clere School,Community school,Not known to be disadvantaged,57,79.2,42.9,42.1,28.1,-0.52,-0.9,-0.14
202324,135897,The Basildon Upper Academy,Sponsored academies,Not known to be disadvantaged,187,56.7,33.1,26.7,89.3,-1.06,-1.29,-0.83
202223,100001,City of London School for Girls,Independent schools,Not known to be disadvantaged,z,z,z,z,z,z,z,z
202223,100049,Haverstock School,Community school,Not known to be disadvantaged,56,37.1,48.5,48.2,35.7,0.02,-0.43,0.47
202223,100050,Parliament Hill School,Community school,Not known to be disadvantaged,101,58,65.3,76.2,56.4,0.99,0.69,1.28
202223,100052,Hampstead School,Community school,Not known to be disadvantaged,108,54.8,49,52.8,23.1,0.09,-0.19,0.37
202223,100055,Maria Fidelis Catholic School FCJ,Voluntary aided school,Not known to be disadvantaged,61,45.5,47.7,47.5,49.2,-0.06,-0.42,0.3
202223,100193,St Ursula's Convent School,Voluntary aided school,Not known to be disadvantaged,96,78.7,58,70.8,87.5,0.49,0.21,0.78
202223,100455,Highbury Fields School,Community school,Not known to be disadvantaged,47,35.1,65.3,83,59.6,1.28,0.85,1.71
202223,135315,Ark Walworth Academy,Sponsored academies,Not known to be disadvantaged,76,43.9,45.9,51.3,60.5,0.31,-0.01,0.63
202223,100977,Stepney All Saints Church of England Secondary School,Voluntary aided school,Not known to be disadvantaged,85,43.8,59,74.1,89.4,0.89,0.59,1.19
202223,101361,St Michael's Catholic Grammar School,Voluntary aided school,Not known to be disadvantaged,94,97.9,c,c,c,c,c,c
202223,103519,Moseley School and Sixth Form,Foundation school,Not known to be disadvantaged,109,44.1,36.9,25.7,43.1,-0.67,-0.96,-0.38
202223,136091,The Phoenix Collegiate,Foundation school,Not known to be disadvantaged,197,59.2,45.9,40.6,14.2,0.08,-0.13,0.28
202223,131726,Holy Family Roman Catholic and Church of England College,Voluntary aided school,Not known to be disadvantaged,117,79.1,48.4,53.8,12,-0.01,-0.27,0.25
202223,108058,Allerton Grange School,Community school,Not known to be disadvantaged,195,72.2,47.5,50.3,89.2,0.03,-0.17,0.23
202223,108640,Burnside College,Foundation school,Not known to be disadvantaged,95,72.5,47,40,85.3,0.02,-0.27,0.31
202223,109319,Brimsham Green School,Community school,Not known to be disadvantaged,140,85.9,48.4,47.1,13.6,0.18,-0.06,0.41
202223,109707,Queen Elizabeth School,Foundation school,Not known to be disadvantaged,147,67.4,46.5,40.8,31.3,0.21,-0.04,0.47
202223,116430,The Clere School,Community school,Not known to be disadvantaged,60,78.9,41.7,46.7,20,-0.6,-0.96,-0.24
202223,135897,The Basildon Upper Academy,Sponsored academies,Not known to be disadvantaged,129,50.2,36,34.9,7,-0.74,-1,-0.47
202425,100049,Haverstock School,Community school,Boys,72,49.3,39.1,35,25,z,z,z
202425,100049,Haverstock School,Community school,Girls,74,50.7,43.8,39,29.7,z,z,z
202425,100052,Hampstead School,Community school,Boys,198,98,43.1,42.6,23.8,z,z,z
202425,100052,Hampstead School,Community school,Girls,4,2,z,z,z,z,z,z
202425,100193,St Ursula's Convent School,Voluntary aided school,Girls,116,100,55.1,62.1,83.6,z,z,z
202425,108058,Allerton Grange School,Community school,Boys,150,49.3,46.2,48,85,z,z,z
202425,108058,Allerton Grange School,Community school,Girls,154,50.7,50.1,52,87.3,z,z,z
202324,108058,Allerton Grange School,Community school,Boys,130,48.7,43.1,45,86,z,z,z
202324,108058,Allerton Grange School,Community school,Girls,137,51.3,46.5,46,87.7,z,z,z
202425,109319,Brimsham Green School,Community school,Boys,z,z,z,z,z,z,z,z
202425,109319,Brimsham Green School,Community school,Girls,76,50,45,44,16,z,z,z
202425,100049,Haverstock School,Community school,Known or believed to be other than English,90,61.6,42.5,38,26,z,z,z
202324,100049,Haverstock School,Community school,Known or believed to be other than English,85,60,40.1,36,25,z,z,z
202425,100052,Hampstead School,Community school,Known or believed to be other than English,6,3,z,z,z,z,z,z
202425,108058,Allerton Grange School,Community school,Known or believed to be other than English,40,13.2,51.3,55,80,z,z,z
202425,109319,Brimsham Green School,Community school,Known or believed to be other than English,z,z,z,z,z,z,z,z
