urn,basis,year,months,pupils,total_spend,teaching_spend
100049,cfr,2024/25,12,909,12486543,5651731
108640,cfr,2024/25,12,959,8666499,4377328
100052,cfr,2024/25,12,1228,13227092,7132000
100055,cfr,2024/25,12,,,
100091,cfr,2024/25,12,34,2041995,617000
135315,aar,2024/25,12,973,10821000,5645000
135897,aar,2024/25,12,916,5871000,2310000
128340,aar,2024/25,6,1123,5652000,3144000
128340,aar,2024/25,6,1123,5575000,3058000
136091,aar,2024/25,1,1545,,
136091,aar,2024/25,11,1545,10804000,5997000
900001,cfr,2024/25,12,212,1590000,1050000
900003,aar,2024/25,12,198,1520000,920000
