Web Link (opens in new window),URN,LAESTAB,School name,Ofsted phase,Type of education,School open date,Admissions policy,Sixth form,Designated religious character,Religious ethos,Faith grouping,Ofsted region,Region,Local authority,Parliamentary constituency,Postcode,Multi-academy trust UID,Multi-academy trust name,Academy sponsor UID,Academy sponsor name,The income deprivation affecting children index (IDACI) quintile,Total number of pupils,Statutory lowest age,Statutory highest age,Inspection number of latest full inspection,Inspection type,Inspection type grouping,Event type grouping,Inspection start date,Publication date,Does the latest full inspection relate to the URN of the current school?,URN at time of latest full inspection,LAESTAB at time of latest full inspection,School name at time of latest full inspection,School type at time of latest full inspection,Category of concern,Safeguarding standards,Safeguarding standards - date of grade,Inclusion,Inclusion - date of grade,Curriculum and teaching,Curriculum and teaching - date of grade,Achievement,Achievement - date of grade,Attendance and behaviour,Attendance and behaviour - date of grade,Personal development and wellbeing,Personal development and wellbeing - date of grade,Early years (where applicable),Early years - date of grade,Post-16 provision (where applicable),Post-16 provision - date of grade,Leadership and governance,Leadership and governance - date of grade,Inspection number of latest OEIF graded inspection,Inspection type of latest OEIF graded inspection,Inspection type grouping of latest OEIF graded inspection,Event type grouping of latest OEIF graded inspection,Inspection start date of latest OEIF graded inspection,Publication date of latest OEIF graded inspection,Does the latest OEIF graded inspection relate to the URN of the current school?,URN at time of latest OEIF graded inspection,LAESTAB at time of latest OEIF graded inspection,School name at time of latest OEIF graded inspection,School type at time of latest OEIF graded inspection,Latest OEIF category of concern,Latest OEIF overall effectiveness,Latest OEIF quality of education,Latest OEIF behaviour and attitudes,Latest OEIF personal development,Latest OEIF effectiveness of leadership and management,Latest OEIF  safeguarding is effective?,Latest OEIF early years provision (where applicable),Latest OEIF sixth form provision (where applicable),Latest ungraded inspection number,Date of latest ungraded inspection,Ungraded inspection publication date,Does the ungraded inspection relate to the URN of the current school?,URN at time of the ungraded inspection,LAESTAB at time of the ungraded inspection,School name at time of the ungraded inspection,School type at time of the ungraded inspection,Ungraded inspection overall outcome,Most recent category of concern
http://www.ofsted.gov.uk/inspection-reports/find-inspection-report/provider/ELS/100049,100049,2024104,Haverstock School,Secondary,Community School,NULL,Non-selective,Has a sixth form,Does not apply,Does not apply,Non-faith,London,London,Camden,Holborn and St Pancras,NW3 2BQ,NULL,NULL,NULL,NULL,5,878,11,18,NULL,NULL,NULL,NULL,NULL,NULL,NULL,NULL,NULL,NULL,NULL,NULL,NULL,NULL,NULL,NULL,NULL,NULL,NULL,NULL,NULL,NULL,NULL,NULL,NULL,NULL,NULL,NULL,NULL,NULL,NULL,NULL,NULL,NULL,NULL,NULL,NULL,NULL,NULL,NULL,NULL,NULL,NULL,NULL,NULL,NULL,NULL,NULL,NULL,NULL,10345620,04/12/2024,29/01/2025,Yes,100049,2024104,Haverstock School,Community School,Standards maintained,NULL
http://www.ofsted.gov.uk/inspection-reports/find-inspection-report/provider/ELS/100050,100050,2024166,Parliament Hill School,Secondary,Community School,NULL,Non-selective,Has a sixth form,Does not apply,Does not apply,Non-faith,London,London,Camden,Hampstead and Highgate,NW5 1RL,NULL,NULL,NULL,NULL,4,1191,11,18,NULL,NULL,NULL,NULL,NULL,NULL,NULL,NULL,NULL,NULL,NULL,NULL,NULL,NULL,NULL,NULL,NULL,NULL,NULL,NULL,NULL,NULL,NULL,NULL,NULL,NULL,NULL,NULL,NULL,NULL,10323222,S5 Inspection,S5 Inspection,Schools - S5,22/05/2024,07/07/2024,Yes,100050,2024166,Parliament Hill School,Community School,,1,1,1,1,1,Yes,9,2,10269085,09/02/2023,26/04/2023,Yes,100050,2024166,Parliament Hill School,Community School,School remains Good (Improving) - S5 Next,
http://www.ofsted.gov.uk/inspection-reports/find-inspection-report/provider/ELS/100052,100052,2024275,Hampstead School,Secondary,Community School,NULL,Non-selective,Has a sixth form,Does not apply,Does not apply,Non-faith,London,London,Camden,Hampstead and Highgate,NW2 3RT,NULL,NULL,NULL,NULL,4,1191,11,18,NULL,NULL,NULL,NULL,NULL,NULL,NULL,NULL,NULL,NULL,NULL,NULL,NULL,NULL,NULL,NULL,NULL,NULL,NULL,NULL,NULL,NULL,NULL,NULL,NULL,NULL,NULL,NULL,NULL,NULL,10240235,S5 Inspection,S5 Inspection,Schools - S5,19/04/2023,15/06/2023,Yes,100052,2024275,Hampstead School,Community School,,2,2,2,2,2,Yes,9,2,10199963,20/10/2021,02/03/2022,Yes,100052,2024275,Hampstead School,Community School,School remains Good (Concerns) - S5 Next,
http://www.ofsted.gov.uk/inspection-reports/find-inspection-report/provider/ELS/100055,100055,2024652,Maria Fidelis Catholic School FCJ,Secondary,Voluntary Aided School,NULL,Non-selective,Has a sixth form,Roman Catholic,Does not apply,Christian,London,London,Camden,Holborn and St Pancras,NW1 1LY,NULL,NULL,NULL,NULL,5,738,11,18,10432026,S5 Inspection,S5 Inspection,Schools - S5,17/03/2026,13/05/2026,Yes,100055,2024652,Maria Fidelis Catholic School FCJ,Voluntary Aided School,,Met,17/03/2026,Expected standard,17/03/2026,Needs attention,17/03/2026,Needs attention,17/03/2026,Expected standard,17/03/2026,Expected standard,17/03/2026,Not applicable,17/03/2026,Expected standard,17/03/2026,Needs attention,17/03/2026,NULL,NULL,NULL,NULL,NULL,NULL,NULL,NULL,NULL,NULL,NULL,NULL,NULL,NULL,NULL,NULL,NULL,NULL,NULL,NULL,10204472,08/12/2021,25/01/2022,Yes,100055,2024652,Maria Fidelis Catholic School FCJ,Voluntary Aided School,School remains Good,
http://www.ofsted.gov.uk/inspection-reports/find-inspection-report/provider/ELS/100091,100091,2027008,Frank Barnes School for Deaf Children ,Special,Community Special School,NULL,Not applicable,Not applicable,Does not apply,Does not apply,Non-faith,London,London,Camden,Holborn and St Pancras,N1C 4BT,NULL,NULL,NULL,NULL,4,40,2,11,NULL,NULL,NULL,NULL,NULL,NULL,NULL,NULL,NULL,NULL,NULL,NULL,NULL,NULL,NULL,NULL,NULL,NULL,NULL,NULL,NULL,NULL,NULL,NULL,NULL,NULL,NULL,NULL,NULL,NULL,NULL,NULL,NULL,NULL,NULL,NULL,NULL,NULL,NULL,NULL,NULL,NULL,NULL,NULL,NULL,NULL,NULL,NULL,NULL,NULL,10240342,11/05/2023,27/06/2023,Yes,100091,2027008,Frank Barnes School for Deaf Children ,Community Special School,School remains Outstanding,NULL
http://www.ofsted.gov.uk/inspection-reports/find-inspection-report/provider/ELS/100193,100193,2034682,St Ursula's Convent School,Secondary,Voluntary Aided School,NULL,Non-selective,Does not have a sixth form,Roman Catholic,Does not apply,Christian,London,London,Greenwich,Greenwich and Woolwich,SE10 8HN,NULL,NULL,NULL,NULL,4,481,11,16,10426016,Requires Improvement S5 Reinspection Visit 1,Requires Improvement S5 Reinspection Visit 1,Schools - S5,18/11/2025,25/01/2026,Yes,100193,2034682,St Ursula's Convent School,Voluntary Aided School,,Met,18/11/2025,Expected standard,18/11/2025,Expected standard,18/11/2025,Strong standard,18/11/2025,Expected standard,18/11/2025,Expected standard,18/11/2025,Not applicable,18/11/2025,Not applicable,18/11/2025,Expected standard,18/11/2025,10314673,S5 Inspection,S5 Inspection,Schools - S5,30/01/2024,18/03/2024,Yes,100193,2034682,St Ursula's Convent School,Voluntary Aided School,,3,3,3,3,3,Yes,9,9,NULL,NULL,NULL,NULL,NULL,NULL,NULL,NULL,NULL,
http://www.ofsted.gov.uk/inspection-reports/find-inspection-report/provider/ELS/100455,100455,2064307,Highbury Fields School,Secondary,Community School,NULL,Non-selective,Has a sixth form,Does not apply,Does not apply,Non-faith,London,London,Islington,Islington North,N5 1AR,NULL,NULL,NULL,NULL,5,733,11,18,NULL,NULL,NULL,NULL,NULL,NULL,NULL,NULL,NULL,NULL,NULL,NULL,NULL,NULL,NULL,NULL,NULL,NULL,NULL,NULL,NULL,NULL,NULL,NULL,NULL,NULL,NULL,NULL,NULL,NULL,NULL,NULL,NULL,NULL,NULL,NULL,NULL,NULL,NULL,NULL,NULL,NULL,NULL,NULL,NULL,NULL,NULL,NULL,NULL,NULL,10240559,28/09/2022,13/11/2022,Yes,100455,2064307,Highbury Fields School,Community School,School remains Outstanding,NULL
http://www.ofsted.gov.uk/inspection-reports/find-inspection-report/provider/ELS/100977,100977,2114722,Stepney All Saints Church of England Secondary School,Secondary,Voluntary Aided School,NULL,Non-selective,Has a sixth form,Church of England,Does not apply,Christian,London,London,Tower Hamlets,Bethnal Green and Stepney,E1 0RH,NULL,NULL,NULL,NULL,5,1445,11,18,10428075,S5 Inspection,S5 Inspection,Schools - S5,10/02/2026,19/04/2026,Yes,100977,2114722,Stepney All Saints Church of England Secondary School,Voluntary Aided School,,Met,10/02/2026,Exceptional,10/02/2026,Strong standard,10/02/2026,Exceptional,10/02/2026,Exceptional,10/02/2026,Exceptional,10/02/2026,Not applicable,10/02/2026,Strong standard,10/02/2026,Exceptional,10/02/2026,NULL,NULL,NULL,NULL,NULL,NULL,NULL,NULL,NULL,NULL,NULL,NULL,NULL,NULL,NULL,NULL,NULL,NULL,NULL,NULL,10199453,14/10/2021,23/11/2021,Yes,100977,2114722,Stepney All Saints Church of England Secondary School,Voluntary Aided School,School remains Outstanding,
http://www.ofsted.gov.uk/inspection-reports/find-inspection-report/provider/ELS/101361,101361,3025404,St Michael's Catholic Grammar School,Secondary,Voluntary Aided School,NULL,Selective,Has a sixth form,Roman Catholic,Does not apply,Christian,London,London,Barnet,Finchley and Golders Green,N12 7NJ,NULL,NULL,NULL,NULL,3,908,11,18,NULL,NULL,NULL,NULL,NULL,NULL,NULL,NULL,NULL,NULL,NULL,NULL,NULL,NULL,NULL,NULL,NULL,NULL,NULL,NULL,NULL,NULL,NULL,NULL,NULL,NULL,NULL,NULL,NULL,NULL,10211795,S5 Inspection,S5 Inspection,Schools - S5,09/11/2022,29/12/2022,Yes,101361,3025404,St Michael's Catholic Grammar School,Voluntary Aided School,,1,1,1,1,1,Yes,9,1,NULL,NULL,NULL,NULL,NULL,NULL,NULL,NULL,NULL,
http://www.ofsted.gov.uk/inspection-reports/find-inspection-report/provider/ELS/103519,103519,3304245,Moseley School and Sixth Form,Secondary,Foundation School,NULL,Non-selective,Has a sixth form,Does not apply,Does not apply,Non-faith,West Midlands,West Midlands,Birmingham,Birmingham Hall Green and Moseley,B13 9UU,NULL,NULL,NULL,NULL,5,1413,11,18,10428117,S5 Inspection,S5 Inspection,Schools - S5,09/12/2025,19/04/2026,Yes,103519,3304245,Moseley School and Sixth Form,Foundation School,SM,Met,09/12/2025,Needs attention,09/12/2025,Urgent improvement,09/12/2025,Needs attention,09/12/2025,Needs attention,09/12/2025,Needs attention,09/12/2025,Not applicable,09/12/2025,Expected standard,09/12/2025,Urgent improvement,09/12/2025,NULL,NULL,NULL,NULL,NULL,NULL,NULL,NULL,NULL,NULL,NULL,NULL,NULL,NULL,NULL,NULL,NULL,NULL,NULL,NULL,10199772,29/09/2021,10/11/2021,Yes,103519,3304245,Moseley School and Sixth Form,Foundation School,School remains Good,SM
http://www.ofsted.gov.uk/inspection-reports/find-inspection-report/provider/ELS/108058,108058,3834040,Allerton Grange School,Secondary,Community School,01/09/1992,Non-selective,Has a sixth form,Does not apply,Does not apply,Non-faith,"North East, Yorkshire and the Humber",Yorkshire and the Humber,Leeds,Leeds North East,LS17 6SF,NULL,NULL,NULL,NULL,3,1782,11,18,NULL,NULL,NULL,NULL,NULL,NULL,NULL,NULL,NULL,NULL,NULL,NULL,NULL,NULL,NULL,NULL,NULL,NULL,NULL,NULL,NULL,NULL,NULL,NULL,NULL,NULL,NULL,NULL,NULL,NULL,10121683,Requires Improvement S5 Reinspection Visit 1,Requires Improvement S5 Reinspection Visit 1,Schools - S5,04/02/2020,03/03/2020,Yes,108058,3834040,Allerton Grange School,Community School,,2,2,2,2,2,Yes,9,2,10346225,30/04/2025,15/06/2025,Yes,108058,3834040,Allerton Grange School,Community School,Standards maintained,
http://www.ofsted.gov.uk/inspection-reports/find-inspection-report/provider/ELS/108640,108640,3924032,Burnside College,Secondary,Foundation School,NULL,Non-selective,Has a sixth form,Does not apply,Does not apply,Non-faith,"North East, Yorkshire and the Humber",North East,North Tyneside,Newcastle upon Tyne East and Wallsend,NE28 7LQ,NULL,NULL,NULL,NULL,4,995,11,18,NULL,NULL,NULL,NULL,NULL,NULL,NULL,NULL,NULL,NULL,NULL,NULL,NULL,NULL,NULL,NULL,NULL,NULL,NULL,NULL,NULL,NULL,NULL,NULL,NULL,NULL,NULL,NULL,NULL,NULL,10121688,Requires Improvement S5 Reinspection Visit 1,Requires Improvement S5 Reinspection Visit 1,Schools - S5,22/01/2020,10/02/2020,Yes,108640,3924032,Burnside College,Foundation School,,2,2,2,2,2,Yes,9,1,10346262,27/11/2024,12/01/2025,Yes,108640,3924032,Burnside College,Foundation School,Standards maintained,
http://www.ofsted.gov.uk/inspection-reports/find-inspection-report/provider/ELS/109319,109319,8034146,Brimsham Green School,Secondary,Community School,NULL,Non-selective,Has a sixth form,Does not apply,Does not apply,Non-faith,South West,South West,South Gloucestershire,Thornbury and Yate,BS37 7LB,NULL,NULL,NULL,NULL,1,1095,11,19,NULL,NULL,NULL,NULL,NULL,NULL,NULL,NULL,NULL,NULL,NULL,NULL,NULL,NULL,NULL,NULL,NULL,NULL,NULL,NULL,NULL,NULL,NULL,NULL,NULL,NULL,NULL,NULL,NULL,NULL,NULL,NULL,NULL,NULL,NULL,NULL,NULL,NULL,NULL,NULL,NULL,NULL,NULL,NULL,NULL,NULL,NULL,NULL,NULL,NULL,10344450,13/11/2024,15/12/2024,Yes,109319,8034146,Brimsham Green School,Community School,Standards maintained,NULL
http://www.ofsted.gov.uk/inspection-reports/find-inspection-report/provider/ELS/109694,109694,8234502,Edward Peake CofE VC School,Secondary,Voluntary Controlled School,NULL,Not applicable,Does not have a sixth form,Church of England,Does not apply,Christian,East of England,East of England,Central Bedfordshire,North Bedfordshire,SG18 0EJ,NULL,NULL,NULL,NULL,2,359,11,16,NULL,NULL,NULL,NULL,NULL,NULL,NULL,NULL,NULL,NULL,NULL,NULL,NULL,NULL,NULL,NULL,NULL,NULL,NULL,NULL,NULL,NULL,NULL,NULL,NULL,NULL,NULL,NULL,NULL,NULL,10345100,Requires Improvement S5 Reinspection Visit 1,Requires Improvement S5 Reinspection Visit 1,Schools - S5,08/01/2025,02/02/2025,Yes,109694,8234502,Edward Peake CofE VC School,Voluntary Controlled School,,Not judged,2,2,2,2,Yes,9,9,NULL,NULL,NULL,NULL,NULL,NULL,NULL,NULL,NULL,
http://www.ofsted.gov.uk/inspection-reports/find-inspection-report/provider/ELS/109707,109707,8215403,Queen Elizabeth School,Secondary,Foundation School,NULL,Non-selective,Has a sixth form,None,Does not apply,Non-faith,East of England,East of England,Luton,Luton South and South Bedfordshire,LU2 9AG,NULL,NULL,NULL,NULL,4,1229,11,18,NULL,NULL,NULL,NULL,NULL,NULL,NULL,NULL,NULL,NULL,NULL,NULL,NULL,NULL,NULL,NULL,NULL,NULL,NULL,NULL,NULL,NULL,NULL,NULL,NULL,NULL,NULL,NULL,NULL,NULL,10277658,S5 Inspection,S5 Inspection,Schools - S5,13/06/2023,25/07/2023,Yes,109707,8215403,Queen Elizabeth School,Foundation School,,2,2,2,2,2,Yes,9,9,NULL,NULL,NULL,NULL,NULL,NULL,NULL,NULL,NULL,
http://www.ofsted.gov.uk/inspection-reports/find-inspection-report/provider/ELS/116430,116430,8504162,The Clere School,Secondary,Community School,NULL,Non-selective,Does not have a sixth form,Does not apply,Does not apply,Non-faith,South East,South East,Hampshire,North West Hampshire,RG20 9HP,NULL,NULL,NULL,NULL,1,382,11,16,NULL,NULL,NULL,NULL,NULL,NULL,NULL,NULL,NULL,NULL,NULL,NULL,NULL,NULL,NULL,NULL,NULL,NULL,NULL,NULL,NULL,NULL,NULL,NULL,NULL,NULL,NULL,NULL,NULL,NULL,10341460,S5 Inspection,S5 Inspection,Schools - S5,15/01/2025,24/03/2025,Yes,116430,8504162,The Clere School,Community School,SWK,Not judged,3,4,3,4,Yes,9,9,NULL,NULL,NULL,NULL,NULL,NULL,NULL,NULL,NULL,SWK
http://www.ofsted.gov.uk/inspection-reports/find-inspection-report/provider/ELS/131726,131726,3544801,Holy Family Roman Catholic and Church of England College,Secondary,Voluntary Aided School,01/09/2007,Non-selective,Does not have a sixth form,Roman Catholic/Church of England,Does not apply,Christian,North West,North West,Rochdale,Heywood and Middleton North,OL10 2AA,NULL,NULL,NULL,NULL,4,768,11,16,10432489,S5 Inspection,S5 Inspection,Schools - S5,31/03/2026,22/06/2026,Yes,131726,3544801,Holy Family Roman Catholic and Church of England College,Voluntary Aided School,,Met,31/03/2026,Expected standard,31/03/2026,Expected standard,31/03/2026,Expected standard,31/03/2026,Expected standard,31/03/2026,Expected standard,31/03/2026,Not applicable,31/03/2026,Not applicable,31/03/2026,Expected standard,31/03/2026,NULL,NULL,NULL,NULL,NULL,NULL,NULL,NULL,NULL,NULL,NULL,NULL,NULL,NULL,NULL,NULL,NULL,NULL,NULL,NULL,10204452,26/01/2022,27/03/2022,Yes,131726,3544801,Holy Family Roman Catholic and Church of England College,Voluntary Aided School,School remains Good,
http://www.ofsted.gov.uk/inspection-reports/find-inspection-report/provider/ELS/135315,135315,2106909,Ark Walworth Academy,Secondary,Academy Sponsor Led,01/09/2007,Non-selective,Has a sixth form,Does not apply,None,Non-faith,London,London,Southwark,Peckham,SE1 5UJ,2157,ARK SCHOOLS,2156,ARK Schools,5,973,11,18,NULL,NULL,NULL,NULL,NULL,NULL,NULL,NULL,NULL,NULL,NULL,NULL,NULL,NULL,NULL,NULL,NULL,NULL,NULL,NULL,NULL,NULL,NULL,NULL,NULL,NULL,NULL,NULL,NULL,NULL,NULL,NULL,NULL,NULL,NULL,NULL,NULL,NULL,NULL,NULL,NULL,NULL,NULL,NULL,NULL,NULL,NULL,NULL,NULL,NULL,10290152,03/11/2023,10/12/2023,Yes,135315,2106909,Ark Walworth Academy,Academy Sponsor Led,School remains Good,NULL
http://www.ofsted.gov.uk/inspection-reports/find-inspection-report/provider/ELS/135897,135897,8816909,The Basildon Upper Academy,Secondary,Academy Sponsor Led,01/09/2009,Non-selective,Has a sixth form,Does not apply,None,Non-faith,East of England,East of England,Essex,South Basildon and East Thurrock,SS13 3HL,2248,The Basildon Academies,4820,Stanton Lane Trust,5,847,14,19,NULL,NULL,NULL,NULL,NULL,NULL,NULL,NULL,NULL,NULL,NULL,NULL,NULL,NULL,NULL,NULL,NULL,NULL,NULL,NULL,NULL,NULL,NULL,NULL,NULL,NULL,NULL,NULL,NULL,NULL,10288486,Requires Improvement S5 Reinspection Visit 1,Requires Improvement S5 Reinspection Visit 1,Schools - S5,08/11/2023,18/01/2024,Yes,135897,8816909,The Basildon Upper Academy,Academy Sponsor Led,,2,2,3,2,2,Yes,9,2,NULL,NULL,NULL,NULL,NULL,NULL,NULL,NULL,NULL,
http://www.ofsted.gov.uk/inspection-reports/find-inspection-report/provider/ELS/136091,136091,3334028,The Phoenix Collegiate,Secondary,Foundation School,01/09/2010,Non-selective,Has a sixth form,None,Does not apply,Non-faith,West Midlands,West Midlands,Sandwell,Tipton and Wednesbury,B71 2BX,NULL,NULL,NULL,NULL,5,1770,11,18,NULL,NULL,NULL,NULL,NULL,NULL,NULL,NULL,NULL,NULL,NULL,NULL,NULL,NULL,NULL,NULL,NULL,NULL,NULL,NULL,NULL,NULL,NULL,NULL,NULL,NULL,NULL,NULL,NULL,NULL,10256938,Requires Improvement S5 Reinspection Visit 1,Requires Improvement S5 Reinspection Visit 1,Schools - S5,14/02/2023,30/03/2023,Yes,136091,3334028,The Phoenix Collegiate,Foundation School,,2,2,2,2,2,Yes,9,2,NULL,NULL,NULL,NULL,NULL,NULL,NULL,NULL,NULL,
