"time_period","school_urn","school_name","phase_type_grouping","attendance_pattern","sex","breakdown_topic","breakdown","pupil_count","pupil_percent"
"202526","100001","City of London School for Girls","Independent school","Total","Female","Total","Total","794","x"
"202526","100001","City of London School for Girls","Independent school","Total","Male","Total","Total","0","x"
"202526","100001","City of London School for Girls","Independent school","Full-time","Total","Total","Total","794","x"
"202526","100001","City of London School for Girls","Independent school","Part-time","Total","Total","Total","0","x"
"202526","100001","City of London School for Girls","Independent school","Total","Total","Total","Total","794","x"
"202526","100001","City of London School for Girls","Independent school","Full-time equivalent","Total","Total","Total","794","x"
"202526","100001","City of London School for Girls","Independent school","Total","Total","Free school meal status","FSM eligible - taking free school meal on census date","z","z"
"202526","100001","City of London School for Girls","Independent school","Total","Total","Free school meal status","FSM eligible","z","z"
"202526","100001","City of London School for Girls","Independent school","Total","Total","Free school meal status","All pupils - performance table metric","z","x"
"202526","100001","City of London School for Girls","Independent school","Total","Total","Free school meal status","FSM eligible - performance table metric","z","z"
"202526","100001","City of London School for Girls","Independent school","Total","Total","Free school meal status","FSM Eligible - infants taking free school meal on census date","z","x"
"202526","100001","City of London School for Girls","Independent school","Total","Total","First language","First language English","z","z"
"202526","100001","City of London School for Girls","Independent school","Total","Total","First language","First language other than English","z","z"
"202526","100001","City of London School for Girls","Independent school","Total","Total","First language","First language unclassified","z","z"
"202526","100049","Haverstock School","State-funded secondary","Total","Female","Total","Total","384","x"
"202526","100049","Haverstock School","State-funded secondary","Total","Male","Total","Total","494","x"
"202526","100049","Haverstock School","State-funded secondary","Full-time","Total","Total","Total","878","x"
"202526","100049","Haverstock School","State-funded secondary","Part-time","Total","Total","Total","0","x"
"202526","100049","Haverstock School","State-funded secondary","Total","Total","Total","Total","878","x"
"202526","100049","Haverstock School","State-funded secondary","Full-time equivalent","Total","Total","Total","878","x"
"202526","100049","Haverstock School","State-funded secondary","Total","Total","Free school meal status","FSM eligible - taking free school meal on census date","407","46.4"
"202526","100049","Haverstock School","State-funded secondary","Total","Total","Free school meal status","FSM eligible","642","73.1"
"202526","100049","Haverstock School","State-funded secondary","Total","Total","Free school meal status","All pupils - performance table metric","613","x"
"202526","100049","Haverstock School","State-funded secondary","Total","Total","Free school meal status","FSM eligible - performance table metric","446","72.8"
"202526","100049","Haverstock School","State-funded secondary","Total","Total","Free school meal status","FSM Eligible - infants taking free school meal on census date","0","x"
"202526","100049","Haverstock School","State-funded secondary","Total","Total","First language","First language English","445","50.7"
"202526","100049","Haverstock School","State-funded secondary","Total","Total","First language","First language other than English","428","48.7"
"202526","100049","Haverstock School","State-funded secondary","Total","Total","First language","First language unclassified","5","0.6"
"202526","100091","Frank Barnes School for Deaf Children","State-funded special school","Total","Female","Total","Total","22","x"
"202526","100091","Frank Barnes School for Deaf Children","State-funded special school","Total","Male","Total","Total","18","x"
"202526","100091","Frank Barnes School for Deaf Children","State-funded special school","Full-time","Total","Total","Total","40","x"
"202526","100091","Frank Barnes School for Deaf Children","State-funded special school","Part-time","Total","Total","Total","0","x"
"202526","100091","Frank Barnes School for Deaf Children","State-funded special school","Total","Total","Total","Total","40","x"
"202526","100091","Frank Barnes School for Deaf Children","State-funded special school","Full-time equivalent","Total","Total","Total","40","x"
"202526","100091","Frank Barnes School for Deaf Children","State-funded special school","Total","Total","Free school meal status","FSM eligible - taking free school meal on census date","17","42.5"
"202526","100091","Frank Barnes School for Deaf Children","State-funded special school","Total","Total","Free school meal status","FSM eligible","19","47.5"
"202526","100091","Frank Barnes School for Deaf Children","State-funded special school","Total","Total","Free school meal status","All pupils - performance table metric","40","x"
"202526","100091","Frank Barnes School for Deaf Children","State-funded special school","Total","Total","Free school meal status","FSM eligible - performance table metric","19","47.5"
"202526","100091","Frank Barnes School for Deaf Children","State-funded special school","Total","Total","Free school meal status","FSM Eligible - infants taking free school meal on census date","16","x"
"202526","100091","Frank Barnes School for Deaf Children","State-funded special school","Total","Total","First language","First language English","0","0"
"202526","100091","Frank Barnes School for Deaf Children","State-funded special school","Total","Total","First language","First language other than English","40","100"
"202526","100091","Frank Barnes School for Deaf Children","State-funded special school","Total","Total","First language","First language unclassified","0","0"
"202526","100455","Highbury Fields School","State-funded secondary","Total","Female","Total","Total","730","x"
"202526","100455","Highbury Fields School","State-funded secondary","Total","Male","Total","Total","3","x"
"202526","100455","Highbury Fields School","State-funded secondary","Full-time","Total","Total","Total","733","x"
"202526","100455","Highbury Fields School","State-funded secondary","Part-time","Total","Total","Total","0","x"
"202526","100455","Highbury Fields School","State-funded secondary","Total","Total","Total","Total","733","x"
"202526","100455","Highbury Fields School","State-funded secondary","Full-time equivalent","Total","Total","Total","733","x"
"202526","100455","Highbury Fields School","State-funded secondary","Total","Total","Free school meal status","FSM eligible - taking free school meal on census date","259","35.3"
"202526","100455","Highbury Fields School","State-funded secondary","Total","Total","Free school meal status","FSM eligible","372","50.8"
"202526","100455","Highbury Fields School","State-funded secondary","Total","Total","Free school meal status","All pupils - performance table metric","678","x"
"202526","100455","Highbury Fields School","State-funded secondary","Total","Total","Free school meal status","FSM eligible - performance table metric","348","51.3"
"202526","100455","Highbury Fields School","State-funded secondary","Total","Total","Free school meal status","FSM Eligible - infants taking free school meal on census date","0","x"
"202526","100455","Highbury Fields School","State-funded secondary","Total","Total","First language","First language English","382","52.1"
"202526","100455","Highbury Fields School","State-funded secondary","Total","Total","First language","First language other than English","351","47.9"
"202526","100455","Highbury Fields School","State-funded secondary","Total","Total","First language","First language unclassified","0","0"
"202526","108640","Burnside College","State-funded secondary","Total","Female","Total","Total","479","x"
"202526","108640","Burnside College","State-funded secondary","Total","Male","Total","Total","516","x"
"202526","108640","Burnside College","State-funded secondary","Full-time","Total","Total","Total","995","x"
"202526","108640","Burnside College","State-funded secondary","Part-time","Total","Total","Total","0","x"
"202526","108640","Burnside College","State-funded secondary","Total","Total","Total","Total","995","x"
"202526","108640","Burnside College","State-funded secondary","Full-time equivalent","Total","Total","Total","995","x"
"202526","108640","Burnside College","State-funded secondary","Total","Total","Free school meal status","FSM eligible - taking free school meal on census date","218","21.9"
"202526","108640","Burnside College","State-funded secondary","Total","Total","Free school meal status","FSM eligible","390","39.2"
"202526","108640","Burnside College","State-funded secondary","Total","Total","Free school meal status","All pupils - performance table metric","935","x"
"202526","108640","Burnside College","State-funded secondary","Total","Total","Free school meal status","FSM eligible - performance table metric","378","40.4"
"202526","108640","Burnside College","State-funded secondary","Total","Total","Free school meal status","FSM Eligible - infants taking free school meal on census date","0","x"
"202526","108640","Burnside College","State-funded secondary","Total","Total","Ethnicity minor","White British","823","82.7"
"202526","108640","Burnside College","State-funded secondary","Total","Total","First language","First language English","868","87.2"
"202526","108640","Burnside College","State-funded secondary","Total","Total","First language","First language other than English","127","12.8"
"202526","108640","Burnside College","State-funded secondary","Total","Total","First language","First language unclassified","0","0"
"202526","109694","Edward Peake CofE VC School","State-funded secondary","Total","Female","Total","Total","160","x"
"202526","109694","Edward Peake CofE VC School","State-funded secondary","Total","Male","Total","Total","199","x"
"202526","109694","Edward Peake CofE VC School","State-funded secondary","Full-time","Total","Total","Total","359","x"
"202526","109694","Edward Peake CofE VC School","State-funded secondary","Part-time","Total","Total","Total","0","x"
"202526","109694","Edward Peake CofE VC School","State-funded secondary","Total","Total","Total","Total","359","x"
"202526","109694","Edward Peake CofE VC School","State-funded secondary","Full-time equivalent","Total","Total","Total","359","x"
"202526","109694","Edward Peake CofE VC School","State-funded secondary","Total","Total","Free school meal status","FSM eligible - taking free school meal on census date","91","25.3"
"202526","109694","Edward Peake CofE VC School","State-funded secondary","Total","Total","Free school meal status","FSM eligible","99","27.6"
"202526","109694","Edward Peake CofE VC School","State-funded secondary","Total","Total","Free school meal status","All pupils - performance table metric","359","x"
"202526","109694","Edward Peake CofE VC School","State-funded secondary","Total","Total","Free school meal status","FSM eligible - performance table metric","99","27.6"
"202526","109694","Edward Peake CofE VC School","State-funded secondary","Total","Total","Free school meal status","FSM Eligible - infants taking free school meal on census date","0","x"
"202526","109694","Edward Peake CofE VC School","State-funded secondary","Total","Total","First language","First language English","329","91.6"
"202526","109694","Edward Peake CofE VC School","State-funded secondary","Total","Total","First language","First language other than English","30","8.4"
"202526","109694","Edward Peake CofE VC School","State-funded secondary","Total","Total","First language","First language unclassified","0","0"
"202526","116430","The Clere School","State-funded secondary","Total","Female","Total","Total","196","x"
"202526","116430","The Clere School","State-funded secondary","Total","Male","Total","Total","186","x"
"202526","116430","The Clere School","State-funded secondary","Full-time","Total","Total","Total","382","x"
"202526","116430","The Clere School","State-funded secondary","Part-time","Total","Total","Total","0","x"
"202526","116430","The Clere School","State-funded secondary","Total","Total","Total","Total","382","x"
"202526","116430","The Clere School","State-funded secondary","Full-time equivalent","Total","Total","Total","382","x"
"202526","116430","The Clere School","State-funded secondary","Total","Total","Free school meal status","FSM eligible - taking free school meal on census date","110","28.8"
"202526","116430","The Clere School","State-funded secondary","Total","Total","Free school meal status","FSM eligible","110","28.8"
"202526","116430","The Clere School","State-funded secondary","Total","Total","Free school meal status","All pupils - performance table metric","382","x"
"202526","116430","The Clere School","State-funded secondary","Total","Total","Free school meal status","FSM eligible - performance table metric","110","28.8"
"202526","116430","The Clere School","State-funded secondary","Total","Total","Free school meal status","FSM Eligible - infants taking free school meal on census date","0","x"
"202526","116430","The Clere School","State-funded secondary","Total","Total","First language","First language English","364","95.3"
"202526","116430","The Clere School","State-funded secondary","Total","Total","First language","First language other than English","15","3.9"
"202526","116430","The Clere School","State-funded secondary","Total","Total","First language","First language unclassified","3","0.8"
"202526","131726","Holy Family Roman Catholic and Church of England College","State-funded secondary","Total","Female","Total","Total","404","x"
"202526","131726","Holy Family Roman Catholic and Church of England College","State-funded secondary","Total","Male","Total","Total","364","x"
"202526","131726","Holy Family Roman Catholic and Church of England College","State-funded secondary","Full-time","Total","Total","Total","768","x"
"202526","131726","Holy Family Roman Catholic and Church of England College","State-funded secondary","Part-time","Total","Total","Total","0","x"
"202526","131726","Holy Family Roman Catholic and Church of England College","State-funded secondary","Total","Total","Total","Total","768","x"
"202526","131726","Holy Family Roman Catholic and Church of England College","State-funded secondary","Full-time equivalent","Total","Total","Total","768","x"
"202526","131726","Holy Family Roman Catholic and Church of England College","State-funded secondary","Total","Total","Free school meal status","FSM eligible - taking free school meal on census date","121","15.8"
"202526","131726","Holy Family Roman Catholic and Church of England College","State-funded secondary","Total","Total","Free school meal status","FSM eligible","158","20.6"
"202526","131726","Holy Family Roman Catholic and Church of England College","State-funded secondary","Total","Total","Free school meal status","All pupils - performance table metric","768","x"
"202526","131726","Holy Family Roman Catholic and Church of England College","State-funded secondary","Total","Total","Free school meal status","FSM eligible - performance table metric","158","20.6"
"202526","131726","Holy Family Roman Catholic and Church of England College","State-funded secondary","Total","Total","Free school meal status","FSM Eligible - infants taking free school meal on census date","0","x"
"202526","131726","Holy Family Roman Catholic and Church of England College","State-funded secondary","Total","Total","First language","First language English","676","88"
"202526","131726","Holy Family Roman Catholic and Church of England College","State-funded secondary","Total","Total","First language","First language other than English","92","12"
"202526","131726","Holy Family Roman Catholic and Church of England College","State-funded secondary","Total","Total","First language","First language unclassified","0","0"
"202526","135315","Ark Walworth Academy","State-funded secondary","Total","Female","Total","Total","424","x"
"202526","135315","Ark Walworth Academy","State-funded secondary","Total","Male","Total","Total","549","x"
"202526","135315","Ark Walworth Academy","State-funded secondary","Full-time","Total","Total","Total","973","x"
"202526","135315","Ark Walworth Academy","State-funded secondary","Part-time","Total","Total","Total","0","x"
"202526","135315","Ark Walworth Academy","State-funded secondary","Total","Total","Total","Total","973","x"
"202526","135315","Ark Walworth Academy","State-funded secondary","Full-time equivalent","Total","Total","Total","973","x"
"202526","135315","Ark Walworth Academy","State-funded secondary","Total","Total","Free school meal status","FSM eligible - taking free school meal on census date","618","63.5"
"202526","135315","Ark Walworth Academy","State-funded secondary","Total","Total","Free school meal status","FSM eligible","671","69"
"202526","135315","Ark Walworth Academy","State-funded secondary","Total","Total","Free school meal status","All pupils - performance table metric","792","x"
"202526","135315","Ark Walworth Academy","State-funded secondary","Total","Total","Free school meal status","FSM eligible - performance table metric","559","70.6"
"202526","135315","Ark Walworth Academy","State-funded secondary","Total","Total","Free school meal status","FSM Eligible - infants taking free school meal on census date","0","x"
"202526","135315","Ark Walworth Academy","State-funded secondary","Total","Total","First language","First language English","440","45.2"
"202526","135315","Ark Walworth Academy","State-funded secondary","Total","Total","First language","First language other than English","455","46.8"
"202526","135315","Ark Walworth Academy","State-funded secondary","Total","Total","First language","First language unclassified","78","8"
"202526","900001","Oakfield Primary School","State-funded primary","Total","Total","Total","Total","212","x"
"202526","900001","Oakfield Primary School","State-funded primary","Total","Total","Free school meal status","FSM eligible","39","18.4"
"202526","900001","Oakfield Primary School","State-funded primary","Total","Total","First language","First language other than English","66","31.1"
"202526","900003","Oakfield Junior School","State-funded primary","Total","Total","Total","Total","198","x"
"202526","900003","Oakfield Junior School","State-funded primary","Total","Total","Free school meal status","FSM eligible","52","26.3"
"202526","900003","Oakfield Junior School","State-funded primary","Total","Total","First language","First language other than English","z","z"
