time_identifier,time_period,geographic_level,country_code,country_name,region_code,region_name,old_la_code,new_la_code,la_name,estab,school_laestab,school_urn,school_name,trust_name,academy_type,academy_open_date,education_phase,headcount,perm_excl,perm_excl_rate,suspension,susp_rate,one_plus_susp,one_plus_susp_rate
Academic year,202425,School,E92000001,England,E12000001,North East,392,E08000022,North Tyneside,4032,3924032,108640,Burnside College,The North Tyneside Learning Trust,z,z,State-funded secondary,959,21,2.18978,230,23.98332,118,12.30448
Academic year,202425,School,E92000001,England,E12000002,North West,354,E08000005,Rochdale,4801,3544801,131726,Holy Family Roman Catholic and Church of England College,z,z,z,State-funded secondary,763,2,0.26212,154,20.18349,63,8.25688
Academic year,202425,School,E92000001,England,E12000003,Yorkshire and The Humber,383,E08000035,Leeds,4040,3834040,108058,Allerton Grange School,z,z,z,State-funded secondary,1742,0,0,145,8.32377,76,4.3628
Academic year,202425,School,E92000001,England,E12000005,West Midlands,330,E08000025,Birmingham,4245,3304245,103519,Moseley School and Sixth Form,z,z,z,State-funded secondary,1428,10,0.70028,162,11.34454,111,7.77311
Academic year,202425,School,E92000001,England,E12000005,West Midlands,333,E08000028,Sandwell,4028,3334028,136091,The Phoenix Collegiate,z,z,z,State-funded secondary,1920,5,0.26042,294,15.3125,173,9.01042
Academic year,202425,School,E92000001,England,E12000006,East of England,821,E06000032,Luton,5403,8215403,109707,Queen Elizabeth School,z,z,z,State-funded secondary,1264,3,0.23734,233,18.43354,120,9.49367
Academic year,202425,School,E92000001,England,E12000006,East of England,823,E06000056,Central Bedfordshire,4502,8234502,109694,Edward Peake CofE VC School,z,z,z,State-funded secondary,410,1,0.2439,73,17.80488,x,x
Academic year,202425,School,E92000001,England,E12000006,East of England,881,E10000012,Essex,6909,8816909,135897,The Basildon Upper Academy,THE BASILDON ACADEMIES,Secondary sponsor led academy,01/09/2009,State-funded secondary,913,1,0.10953,158,17.30559,93,10.1862
Academic year,202425,School,E92000001,England,E12000007,London,302,E09000003,Barnet,5404,3025404,101361,St Michael's Catholic Grammar School,z,z,z,State-funded secondary,891,0,0,15,1.6835,11,1.23457
Academic year,202425,School,E92000001,England,E12000007,London,202,E09000007,Camden,4104,2024104,100049,Haverstock School,z,z,z,State-funded secondary,909,0,0,225,24.75248,88,9.68097
Academic year,202425,School,E92000001,England,E12000007,London,202,E09000007,Camden,4275,2024275,100052,Hampstead School,z,z,z,State-funded secondary,1228,4,0.32573,125,10.17915,74,6.02606
Academic year,202425,School,E92000001,England,E12000007,London,202,E09000007,Camden,4652,2024652,100055,Maria Fidelis Catholic School FCJ,z,z,z,State-funded secondary,812,3,0.36946,121,14.90148,58,7.14286
Academic year,202425,School,E92000001,England,E12000007,London,202,E09000007,Camden,4166,2024166,100050,Parliament Hill School,z,z,z,State-funded secondary,1229,1,0.08137,144,11.71684,73,5.93979
Academic year,202425,School,E92000001,England,E12000007,London,202,E09000007,Camden,7008,2027008,100091,Frank Barnes School for Deaf Children,z,z,z,Special,35,0,0,0,0,0,0
Academic year,202425,School,E92000001,England,E12000007,London,203,E09000011,Greenwich,4682,2034682,100193,St Ursula's Convent School,z,z,z,State-funded secondary,549,1,0.18215,52,9.47177,36,6.55738
Academic year,202425,School,E92000001,England,E12000007,London,206,E09000019,Islington,4307,2064307,100455,Highbury Fields School,z,z,z,State-funded secondary,729,0,0,18,2.46914,12,1.64609
Academic year,202425,School,E92000001,England,E12000007,London,210,E09000028,Southwark,6909,2106909,135315,Ark Walworth Academy,ARK SCHOOLS,Secondary sponsor led academy,01/09/2007,State-funded secondary,971,0,0,0,0,0,0
Academic year,202425,School,E92000001,England,E12000007,London,211,E09000030,Tower Hamlets,4722,2114722,100977,Stepney All Saints Church of England Secondary School,z,z,z,State-funded secondary,1373,0,0,25,1.82083,25,1.82083
Academic year,202425,School,E92000001,England,E12000008,South East,850,E10000014,Hampshire,4162,8504162,116430,The Clere School,z,z,z,State-funded secondary,468,1,0.21368,195,41.66667,52,11.11111
Academic year,202425,School,E92000001,England,E12000009,South West,803,E06000025,South Gloucestershire,4146,8034146,109319,Brimsham Green School,z,z,z,State-funded secondary,1051,0,0,116,11.03711,62,5.89914
Academic year,202324,School,E92000001,England,E12000001,North East,392,E08000022,North Tyneside,4032,3924032,108640,Burnside College,The North Tyneside Learning Trust,z,z,State-funded secondary,1020,16,1.56863,163,15.98039,93,9.11765
Academic year,202324,School,E92000001,England,E12000002,North West,354,E08000005,Rochdale,4801,3544801,131726,Holy Family Roman Catholic and Church of England College,z,z,z,State-funded secondary,749,5,0.66756,226,30.17356,70,9.34579
Academic year,202324,School,E92000001,England,E12000003,Yorkshire and The Humber,383,E08000035,Leeds,4040,3834040,108058,Allerton Grange School,z,z,z,State-funded secondary,1741,0,0,201,11.54509,115,6.6054
Academic year,202324,School,E92000001,England,E12000005,West Midlands,330,E08000025,Birmingham,4245,3304245,103519,Moseley School and Sixth Form,z,z,z,State-funded secondary,1454,2,0.13755,183,12.58597,140,9.62861
Academic year,202324,School,E92000001,England,E12000005,West Midlands,333,E08000028,Sandwell,4028,3334028,136091,The Phoenix Collegiate,z,z,z,State-funded secondary,1937,4,0.2065,393,20.28911,220,11.35777
Academic year,202324,School,E92000001,England,E12000006,East of England,821,E06000032,Luton,5403,8215403,109707,Queen Elizabeth School,z,z,z,State-funded secondary,1186,3,0.25295,338,28.49916,155,13.06914
Academic year,202324,School,E92000001,England,E12000006,East of England,823,E06000056,Central Bedfordshire,4502,8234502,109694,Edward Peake CofE VC School,z,z,z,State-funded secondary,526,1,0.19011,108,20.53232,31,5.89354
Academic year,202324,School,E92000001,England,E12000006,East of England,881,E10000012,Essex,6909,8816909,135897,The Basildon Upper Academy,THE BASILDON ACADEMIES,Secondary sponsor led academy,01/09/2009,State-funded secondary,900,0,0,175,19.44444,108,12
Academic year,202324,School,E92000001,England,E12000007,London,302,E09000003,Barnet,5404,3025404,101361,St Michael's Catholic Grammar School,z,z,z,State-funded secondary,856,0,0,5,0.58411,5,0.58411
Academic year,202324,School,E92000001,England,E12000007,London,202,E09000007,Camden,4104,2024104,100049,Haverstock School,z,z,z,State-funded secondary,973,4,0.4111,171,17.57451,112,11.51079
Academic year,202324,School,E92000001,England,E12000007,London,202,E09000007,Camden,4275,2024275,100052,Hampstead School,z,z,z,State-funded secondary,1287,4,0.3108,101,7.84771,64,4.9728
Academic year,202324,School,E92000001,England,E12000007,London,202,E09000007,Camden,4166,2024166,100050,Parliament Hill School,z,z,z,State-funded secondary,1218,1,0.0821,105,8.62069,65,5.33662
Academic year,202324,School,E92000001,England,E12000007,London,202,E09000007,Camden,4652,2024652,100055,Maria Fidelis Catholic School FCJ,z,z,z,State-funded secondary,839,3,0.35757,107,12.75328,54,6.43623
Academic year,202324,School,E92000001,England,E12000007,London,202,E09000007,Camden,7008,2027008,100091,Frank Barnes School for Deaf Children,z,z,z,Special,36,0,0,0,0,0,0
Academic year,202324,School,E92000001,England,E12000007,London,203,E09000011,Greenwich,4682,2034682,100193,St Ursula's Convent School,z,z,z,State-funded secondary,637,0,0,53,8.32025,44,6.90738
Academic year,202324,School,E92000001,England,E12000007,London,206,E09000019,Islington,4307,2064307,100455,Highbury Fields School,z,z,z,State-funded secondary,747,2,0.26774,31,4.14993,15,2.00803
Academic year,202324,School,E92000001,England,E12000007,London,210,E09000028,Southwark,6909,2106909,135315,Ark Walworth Academy,ARK SCHOOLS,Secondary sponsor led academy,01/09/2007,State-funded secondary,989,1,0.10111,4,0.40445,4,0.40445
Academic year,202324,School,E92000001,England,E12000007,London,211,E09000030,Tower Hamlets,4722,2114722,100977,Stepney All Saints Church of England Secondary School,z,z,z,State-funded secondary,1367,0,0,51,3.7308,49,3.58449
Academic year,202324,School,E92000001,England,E12000008,South East,850,E10000014,Hampshire,4162,8504162,116430,The Clere School,z,z,z,State-funded secondary,492,0,0,88,17.88618,37,7.52033
Academic year,202324,School,E92000001,England,E12000009,South West,803,E06000025,South Gloucestershire,4146,8034146,109319,Brimsham Green School,z,z,z,State-funded secondary,1018,3,0.2947,66,6.4833,37,3.63458
Academic year,202425,School,E92000001,England,E12000007,London,202,E09000007,Camden,2000,2022000,900001,Oakfield Primary School,z,z,z,State-funded primary,212,0,0,6,2.83,4,1.88679
Academic year,202425,School,E92000001,England,E12000007,London,202,E09000007,Camden,2001,2022001,900003,Oakfield Junior School,z,z,z,State-funded primary,198,0,0,12,6.06,8,4.04
